schedule_size,test_type,is_valid,latency_ms,violation_type
20,Clean / Uncorrupted,True,17.75860000634566,None
20,Capacity Violation Injected,False,4.695899988291785,RoomCapacity
20,Room Collision Injected,False,4.723799997009337,RoomDoubleBooking
20,Clean / Uncorrupted,False,5.014700000174344,Spurious
20,Capacity Violation Injected,False,4.3218999926466495,RoomCapacity
20,Room Collision Injected,False,4.257399996276945,RoomDoubleBooking
20,Clean / Uncorrupted,True,6.903500005137175,None
20,Capacity Violation Injected,False,3.603699995437637,RoomCapacity
20,Room Collision Injected,False,4.225999990012497,RoomDoubleBooking
20,Clean / Uncorrupted,False,4.602000000886619,Spurious
20,Capacity Violation Injected,False,2.5544000091031194,RoomCapacity
20,Room Collision Injected,False,4.658399993786588,RoomDoubleBooking
20,Clean / Uncorrupted,True,6.720300007145852,None
20,Capacity Violation Injected,False,3.6643000203184783,RoomCapacity
20,Room Collision Injected,False,1.2802999990526587,RoomDoubleBooking
20,Clean / Uncorrupted,False,4.178400005912408,Spurious
20,Capacity Violation Injected,False,4.1812999988906085,RoomCapacity
20,Room Collision Injected,False,4.516799992416054,RoomDoubleBooking
20,Clean / Uncorrupted,True,7.180999993579462,None
20,Capacity Violation Injected,False,2.640799997607246,RoomCapacity
20,Room Collision Injected,False,4.190999985439703,RoomDoubleBooking
20,Clean / Uncorrupted,True,6.8199000088498,None
20,Capacity Violation Injected,False,3.2171000202652067,RoomCapacity
20,Room Collision Injected,False,4.305999987991527,RoomDoubleBooking
20,Clean / Uncorrupted,False,4.880799999227747,Spurious
20,Capacity Violation Injected,False,3.093300008913502,RoomCapacity
20,Room Collision Injected,False,4.15289998636581,RoomDoubleBooking
20,Clean / Uncorrupted,False,4.106300009880215,Spurious
20,Capacity Violation Injected,False,3.2998999813571572,RoomCapacity
20,Room Collision Injected,False,1.2374999932944775,RoomDoubleBooking
20,Clean / Uncorrupted,False,4.05820002197288,Spurious
20,Capacity Violation Injected,False,3.8975999923422933,RoomCapacity
20,Room Collision Injected,False,4.729100008262321,RoomDoubleBooking
20,Clean / Uncorrupted,False,4.70270001096651,Spurious
20,Capacity Violation Injected,False,4.383199993753806,RoomCapacity
20,Room Collision Injected,False,1.3014999858569354,RoomDoubleBooking
20,Clean / Uncorrupted,True,6.912999990163371,None
20,Capacity Violation Injected,False,0.9921000164467841,RoomCapacity
20,Room Collision Injected,False,4.003500012913719,RoomDoubleBooking
20,Clean / Uncorrupted,False,4.056400008266792,Spurious
20,Capacity Violation Injected,False,2.057200006674975,RoomCapacity
20,Room Collision Injected,False,1.265900005819276,RoomDoubleBooking
20,Clean / Uncorrupted,False,4.138600022997707,Spurious
20,Capacity Violation Injected,False,2.7547999925445765,RoomCapacity
20,Room Collision Injected,False,4.207000019960105,RoomDoubleBooking
20,Clean / Uncorrupted,True,6.600699998671189,None
20,Capacity Violation Injected,False,2.8623999969568104,RoomCapacity
20,Room Collision Injected,False,4.061700019519776,RoomDoubleBooking
20,Clean / Uncorrupted,True,7.692900020629168,None
20,Capacity Violation Injected,False,4.453300003660843,RoomCapacity
20,Room Collision Injected,False,4.338500002631918,RoomDoubleBooking
20,Clean / Uncorrupted,False,5.699000001186505,Spurious
20,Capacity Violation Injected,False,2.700700017157942,RoomCapacity
20,Room Collision Injected,False,4.047099995659664,RoomDoubleBooking
20,Clean / Uncorrupted,False,4.0754000074230134,Spurious
20,Capacity Violation Injected,False,3.850499982945621,RoomCapacity
20,Room Collision Injected,False,4.281599976820871,RoomDoubleBooking
20,Clean / Uncorrupted,False,4.402599995955825,Spurious
20,Capacity Violation Injected,False,3.2451000006403774,RoomCapacity
20,Room Collision Injected,False,4.198000009637326,RoomDoubleBooking
20,Clean / Uncorrupted,True,6.715699972119182,None
20,Capacity Violation Injected,False,2.828199998475611,RoomCapacity
20,Room Collision Injected,False,4.4815999863203615,RoomDoubleBooking
20,Clean / Uncorrupted,False,4.201699979603291,Spurious
20,Capacity Violation Injected,False,2.0838000054936856,RoomCapacity
20,Room Collision Injected,False,4.054499993799254,RoomDoubleBooking
20,Clean / Uncorrupted,True,6.711800000630319,None
20,Capacity Violation Injected,False,2.8600000077858567,RoomCapacity
20,Room Collision Injected,False,4.125800012843683,RoomDoubleBooking
20,Clean / Uncorrupted,True,6.608600000618026,None
20,Capacity Violation Injected,False,2.6011000154539943,RoomCapacity
20,Room Collision Injected,False,4.058699996676296,RoomDoubleBooking
20,Clean / Uncorrupted,True,6.494800007203594,None
20,Capacity Violation Injected,False,1.2418999976944178,RoomCapacity
20,Room Collision Injected,False,1.2181000201962888,RoomDoubleBooking
20,Clean / Uncorrupted,False,5.092200008220971,Spurious
20,Capacity Violation Injected,False,3.6798999935854226,RoomCapacity
20,Room Collision Injected,False,1.27420001081191,RoomDoubleBooking
20,Clean / Uncorrupted,False,4.057800018927082,Spurious
20,Capacity Violation Injected,False,1.4420999796129763,RoomCapacity
20,Room Collision Injected,False,5.362500000046566,RoomDoubleBooking
20,Clean / Uncorrupted,True,7.4127999832853675,None
20,Capacity Violation Injected,False,3.5764999920502305,RoomCapacity
20,Room Collision Injected,False,4.590600001392886,RoomDoubleBooking
20,Clean / Uncorrupted,True,6.955300021218136,None
20,Capacity Violation Injected,False,1.0617999942041934,RoomCapacity
20,Room Collision Injected,False,4.785799974342808,RoomDoubleBooking
20,Clean / Uncorrupted,True,7.072399981552735,None
20,Capacity Violation Injected,False,2.6935000205412507,RoomCapacity
20,Room Collision Injected,False,4.208199999993667,RoomDoubleBooking
20,Clean / Uncorrupted,True,6.475500005763024,None
20,Capacity Violation Injected,False,2.4489000206813216,RoomCapacity
20,Room Collision Injected,False,4.1584999999031425,RoomDoubleBooking
20,Clean / Uncorrupted,False,4.4858999899588525,Spurious
20,Capacity Violation Injected,False,3.990700002759695,RoomCapacity
20,Room Collision Injected,False,4.164199985098094,RoomDoubleBooking
20,Clean / Uncorrupted,True,6.890600023325533,None
20,Capacity Violation Injected,False,3.1894999847281724,RoomCapacity
20,Room Collision Injected,False,4.179300012765452,RoomDoubleBooking
20,Clean / Uncorrupted,False,4.119399993214756,Spurious
20,Capacity Violation Injected,False,3.481299994746223,RoomCapacity
20,Room Collision Injected,False,1.3376999995671213,RoomDoubleBooking
20,Clean / Uncorrupted,True,6.7362999834585935,None
20,Capacity Violation Injected,False,2.1875000093132257,RoomCapacity
20,Room Collision Injected,False,1.27859998610802,RoomDoubleBooking
20,Clean / Uncorrupted,True,6.439999997382984,None
20,Capacity Violation Injected,False,3.168000024743378,RoomCapacity
20,Room Collision Injected,False,4.552200000034645,RoomDoubleBooking
20,Clean / Uncorrupted,False,5.7410000008530915,Spurious
20,Capacity Violation Injected,False,1.8554999842308462,RoomCapacity
20,Room Collision Injected,False,4.860900022322312,RoomDoubleBooking
20,Clean / Uncorrupted,True,6.673600000794977,None
20,Capacity Violation Injected,False,2.828500000759959,RoomCapacity
20,Room Collision Injected,False,4.428099986398593,RoomDoubleBooking
20,Clean / Uncorrupted,False,4.326099995523691,Spurious
20,Capacity Violation Injected,False,1.7102999845519662,RoomCapacity
20,Room Collision Injected,False,4.604000016115606,RoomDoubleBooking
20,Clean / Uncorrupted,False,4.457600007299334,Spurious
20,Capacity Violation Injected,False,4.06410000869073,RoomCapacity
20,Room Collision Injected,False,4.230399994412437,RoomDoubleBooking
20,Clean / Uncorrupted,True,6.8789999932050705,None
20,Capacity Violation Injected,False,2.6431999867781997,RoomCapacity
20,Room Collision Injected,False,1.2786999868694693,RoomDoubleBooking
20,Clean / Uncorrupted,False,4.085400025360286,Spurious
20,Capacity Violation Injected,False,4.21809998806566,RoomCapacity
20,Room Collision Injected,False,4.91299998247996,RoomDoubleBooking
20,Clean / Uncorrupted,True,7.386599987512454,None
20,Capacity Violation Injected,False,3.4624999971129,RoomCapacity
20,Room Collision Injected,False,1.3086999824736267,RoomDoubleBooking
20,Clean / Uncorrupted,False,4.160700016655028,Spurious
20,Capacity Violation Injected,False,4.091099981451407,RoomCapacity
20,Room Collision Injected,False,4.166700004134327,RoomDoubleBooking
20,Clean / Uncorrupted,True,6.630599993513897,None
20,Capacity Violation Injected,False,2.611299976706505,RoomCapacity
20,Room Collision Injected,False,4.175900015980005,RoomDoubleBooking
20,Clean / Uncorrupted,False,4.732900008093566,Spurious
20,Capacity Violation Injected,False,2.8526999813038856,RoomCapacity
20,Room Collision Injected,False,4.042500018840656,RoomDoubleBooking
20,Clean / Uncorrupted,False,5.7477999944239855,Spurious
20,Capacity Violation Injected,False,2.6163000147789717,RoomCapacity
20,Room Collision Injected,False,4.788799997186288,RoomDoubleBooking
20,Clean / Uncorrupted,False,4.288199997972697,Spurious
20,Capacity Violation Injected,False,3.884500009007752,RoomCapacity
20,Room Collision Injected,False,4.1745000053197145,RoomDoubleBooking
20,Clean / Uncorrupted,False,4.46699999156408,Spurious
20,Capacity Violation Injected,False,4.061199986608699,RoomCapacity
20,Room Collision Injected,False,4.554299986921251,RoomDoubleBooking
20,Clean / Uncorrupted,True,6.613099976675585,None
20,Capacity Violation Injected,False,1.683799986494705,RoomCapacity
20,Room Collision Injected,False,4.088599991519004,RoomDoubleBooking
50,Clean / Uncorrupted,False,8.793700020760298,Spurious
50,Capacity Violation Injected,False,7.4041000043507665,RoomCapacity
50,Room Collision Injected,False,1.500099984696135,RoomDoubleBooking
50,Clean / Uncorrupted,False,9.377399983350188,Spurious
50,Capacity Violation Injected,False,7.358800008660182,RoomCapacity
50,Room Collision Injected,False,1.3778999855276197,RoomDoubleBooking
50,Clean / Uncorrupted,False,8.558000001357868,Spurious
50,Capacity Violation Injected,False,5.2137000020593405,RoomCapacity
50,Room Collision Injected,False,9.35479998588562,RoomDoubleBooking
50,Clean / Uncorrupted,False,9.207199997035787,Spurious
50,Capacity Violation Injected,False,7.9024000151548535,RoomCapacity
50,Room Collision Injected,False,9.287599998060614,RoomDoubleBooking
50,Clean / Uncorrupted,False,9.321099991211668,Spurious
50,Capacity Violation Injected,False,8.120799990138039,RoomCapacity
50,Room Collision Injected,False,1.3076000032015145,RoomDoubleBooking
50,Clean / Uncorrupted,False,9.207600000081584,Spurious
50,Capacity Violation Injected,False,8.0393000098411,RoomCapacity
50,Room Collision Injected,False,8.904199989046901,RoomDoubleBooking
50,Clean / Uncorrupted,False,8.615900005679578,Spurious
50,Capacity Violation Injected,False,7.028399995760992,RoomCapacity
50,Room Collision Injected,False,9.142700000666082,RoomDoubleBooking
50,Clean / Uncorrupted,False,8.862299990141764,Spurious
50,Capacity Violation Injected,False,6.833799998275936,RoomCapacity
50,Room Collision Injected,False,8.945599984144792,RoomDoubleBooking
50,Clean / Uncorrupted,False,9.114100015722215,Spurious
50,Capacity Violation Injected,False,5.88500002049841,RoomCapacity
50,Room Collision Injected,False,9.432199993170798,RoomDoubleBooking
50,Clean / Uncorrupted,False,9.226299996953458,Spurious
50,Capacity Violation Injected,False,6.857200001832098,RoomCapacity
50,Room Collision Injected,False,8.686399989528582,RoomDoubleBooking
50,Clean / Uncorrupted,False,9.304700011853129,Spurious
50,Capacity Violation Injected,False,7.48810000368394,RoomCapacity
50,Room Collision Injected,False,9.414999978616834,RoomDoubleBooking
50,Clean / Uncorrupted,False,9.201000008033589,Spurious
50,Capacity Violation Injected,False,8.860500005539507,RoomCapacity
50,Room Collision Injected,False,9.1711999848485,RoomDoubleBooking
50,Clean / Uncorrupted,False,8.858799992594868,Spurious
50,Capacity Violation Injected,False,7.103600015398115,RoomCapacity
50,Room Collision Injected,False,9.596200019586831,RoomDoubleBooking
50,Clean / Uncorrupted,False,9.274400013964623,Spurious
50,Capacity Violation Injected,False,6.60650001373142,RoomCapacity
50,Room Collision Injected,False,10.022200003731996,RoomDoubleBooking
50,Clean / Uncorrupted,False,8.968400012236089,Spurious
50,Capacity Violation Injected,False,5.38860002416186,RoomCapacity
50,Room Collision Injected,False,1.3731999788433313,RoomDoubleBooking
50,Clean / Uncorrupted,False,8.77700001001358,Spurious
50,Capacity Violation Injected,False,6.447500025387853,RoomCapacity
50,Room Collision Injected,False,1.4536000089719892,RoomDoubleBooking
50,Clean / Uncorrupted,False,8.845800010021776,Spurious
50,Capacity Violation Injected,False,1.0443000064697117,RoomCapacity
50,Room Collision Injected,False,9.407800011103973,RoomDoubleBooking
50,Clean / Uncorrupted,False,11.754699982702732,Spurious
50,Capacity Violation Injected,False,8.606499992311,RoomCapacity
50,Room Collision Injected,False,1.3663000136148185,RoomDoubleBooking
50,Clean / Uncorrupted,False,9.238200000254437,Spurious
50,Capacity Violation Injected,False,6.896499980939552,RoomCapacity
50,Room Collision Injected,False,9.444399998756126,RoomDoubleBooking
50,Clean / Uncorrupted,False,9.038300020620227,Spurious
50,Capacity Violation Injected,False,4.114300012588501,RoomCapacity
50,Room Collision Injected,False,9.284300002036616,RoomDoubleBooking
50,Clean / Uncorrupted,False,9.229399991454557,Spurious
50,Capacity Violation Injected,False,9.413699997821823,RoomCapacity
50,Room Collision Injected,False,9.612900001229718,RoomDoubleBooking
50,Clean / Uncorrupted,False,9.404200012795627,Spurious
50,Capacity Violation Injected,False,3.923099982785061,RoomCapacity
50,Room Collision Injected,False,8.71180000831373,RoomDoubleBooking
50,Clean / Uncorrupted,False,9.27030001184903,Spurious
50,Capacity Violation Injected,False,6.943399988813326,RoomCapacity
50,Room Collision Injected,False,8.923999994294718,RoomDoubleBooking
50,Clean / Uncorrupted,False,8.881000016117468,Spurious
50,Capacity Violation Injected,False,5.015000002458692,RoomCapacity
50,Room Collision Injected,False,9.327899984782562,RoomDoubleBooking
50,Clean / Uncorrupted,False,9.238400001777336,Spurious
50,Capacity Violation Injected,False,4.1846999956760556,RoomCapacity
50,Room Collision Injected,False,9.30299999890849,RoomDoubleBooking
50,Clean / Uncorrupted,False,8.77099999343045,Spurious
50,Capacity Violation Injected,False,2.850899996701628,RoomCapacity
50,Room Collision Injected,False,8.644099987577647,RoomDoubleBooking
50,Clean / Uncorrupted,False,9.116800007177517,Spurious
50,Capacity Violation Injected,False,8.647300011944026,RoomCapacity
50,Room Collision Injected,False,9.378199989441782,RoomDoubleBooking
50,Clean / Uncorrupted,False,9.082900010980666,Spurious
50,Capacity Violation Injected,False,1.959699991857633,RoomCapacity
50,Room Collision Injected,False,11.002199986251071,RoomDoubleBooking
50,Clean / Uncorrupted,False,9.126199991442263,Spurious
50,Capacity Violation Injected,False,4.415999981574714,RoomCapacity
50,Room Collision Injected,False,9.14300000295043,RoomDoubleBooking
50,Clean / Uncorrupted,False,10.260799987008795,Spurious
50,Capacity Violation Injected,False,2.586999995401129,RoomCapacity
50,Room Collision Injected,False,9.428700024727732,RoomDoubleBooking
50,Clean / Uncorrupted,False,8.922999986680225,Spurious
50,Capacity Violation Injected,False,4.470599989872426,RoomCapacity
50,Room Collision Injected,False,8.659499988425523,RoomDoubleBooking
50,Clean / Uncorrupted,False,8.56509999721311,Spurious
50,Capacity Violation Injected,False,4.888399998890236,RoomCapacity
50,Room Collision Injected,False,1.2795999937225133,RoomDoubleBooking
50,Clean / Uncorrupted,False,8.599900000263005,Spurious
50,Capacity Violation Injected,False,2.22979998216033,RoomCapacity
50,Room Collision Injected,False,8.561700000427663,RoomDoubleBooking
50,Clean / Uncorrupted,False,8.694599993759766,Spurious
50,Capacity Violation Injected,False,2.3415000177919865,RoomCapacity
50,Room Collision Injected,False,9.02889997814782,RoomDoubleBooking
50,Clean / Uncorrupted,False,8.912400022381917,Spurious
50,Capacity Violation Injected,False,7.8431000001728535,RoomCapacity
50,Room Collision Injected,False,8.969899994553998,RoomDoubleBooking
50,Clean / Uncorrupted,False,9.398800000781193,Spurious
50,Capacity Violation Injected,False,8.69259997853078,RoomCapacity
50,Room Collision Injected,False,8.597600011853501,RoomDoubleBooking
50,Clean / Uncorrupted,False,9.193900012178347,Spurious
50,Capacity Violation Injected,False,4.966600012267008,RoomCapacity
50,Room Collision Injected,False,10.257699992507696,RoomDoubleBooking
50,Clean / Uncorrupted,False,8.94890000927262,Spurious
50,Capacity Violation Injected,False,5.364099983125925,RoomCapacity
50,Room Collision Injected,False,8.993100025691092,RoomDoubleBooking
50,Clean / Uncorrupted,False,9.199000021908432,Spurious
50,Capacity Violation Injected,False,4.799399990588427,RoomCapacity
50,Room Collision Injected,False,9.794100013095886,RoomDoubleBooking
50,Clean / Uncorrupted,False,9.560100006638095,Spurious
50,Capacity Violation Injected,False,3.886099992087111,RoomCapacity
50,Room Collision Injected,False,9.127600002102554,RoomDoubleBooking
50,Clean / Uncorrupted,False,11.747199983801693,Spurious
50,Capacity Violation Injected,False,1.5374000067822635,RoomCapacity
50,Room Collision Injected,False,8.735200011869892,RoomDoubleBooking
50,Clean / Uncorrupted,False,8.644500019727275,Spurious
50,Capacity Violation Injected,False,7.166399998823181,RoomCapacity
50,Room Collision Injected,False,9.217500017257407,RoomDoubleBooking
50,Clean / Uncorrupted,False,9.232199983671308,Spurious
50,Capacity Violation Injected,False,8.053199999267235,RoomCapacity
50,Room Collision Injected,False,9.137499990174547,RoomDoubleBooking
50,Clean / Uncorrupted,False,9.048600011738017,Spurious
50,Capacity Violation Injected,False,4.7107999853324145,RoomCapacity
50,Room Collision Injected,False,9.000599995488301,RoomDoubleBooking
50,Clean / Uncorrupted,False,9.096299996599555,Spurious
50,Capacity Violation Injected,False,7.56060000276193,RoomCapacity
50,Room Collision Injected,False,8.740799996303394,RoomDoubleBooking
50,Clean / Uncorrupted,False,9.682600008090958,Spurious
50,Capacity Violation Injected,False,3.136799990897998,RoomCapacity
50,Room Collision Injected,False,8.72059998800978,RoomDoubleBooking
50,Clean / Uncorrupted,False,9.026800020365044,Spurious
50,Capacity Violation Injected,False,7.0998999872244895,RoomCapacity
50,Room Collision Injected,False,1.5647000109311193,RoomDoubleBooking
50,Clean / Uncorrupted,False,8.715900010429323,Spurious
50,Capacity Violation Injected,False,3.8266000046860427,RoomCapacity
50,Room Collision Injected,False,8.494599984260276,RoomDoubleBooking
50,Clean / Uncorrupted,False,9.265200002118945,Spurious
50,Capacity Violation Injected,False,3.796999983023852,RoomCapacity
50,Room Collision Injected,False,1.2970000097993761,RoomDoubleBooking
50,Clean / Uncorrupted,False,8.904699992854148,Spurious
50,Capacity Violation Injected,False,7.4078000034205616,RoomCapacity
50,Room Collision Injected,False,9.091999992961064,RoomDoubleBooking
100,Clean / Uncorrupted,False,16.52710000053048,Spurious
100,Capacity Violation Injected,False,9.883599996101111,RoomCapacity
100,Room Collision Injected,False,17.149300023447722,RoomDoubleBooking
100,Clean / Uncorrupted,False,17.055299977073446,Spurious
100,Capacity Violation Injected,False,4.753499990329146,RoomCapacity
100,Room Collision Injected,False,1.4810000138822943,RoomDoubleBooking
100,Clean / Uncorrupted,False,16.736799996579066,Spurious
100,Capacity Violation Injected,False,15.324100008001551,RoomCapacity
100,Room Collision Injected,False,1.5382000128738582,RoomDoubleBooking
100,Clean / Uncorrupted,False,16.243099991697818,Spurious
100,Capacity Violation Injected,False,18.047999998088926,RoomCapacity
100,Room Collision Injected,False,16.28730000811629,RoomDoubleBooking
100,Clean / Uncorrupted,False,17.181100003654137,Spurious
100,Capacity Violation Injected,False,1.9406999927014112,RoomCapacity
100,Room Collision Injected,False,18.776999990222976,RoomDoubleBooking
100,Clean / Uncorrupted,False,17.12740000220947,Spurious
100,Capacity Violation Injected,False,4.793600004632026,RoomCapacity
100,Room Collision Injected,False,1.2895999825559556,RoomDoubleBooking
100,Clean / Uncorrupted,False,16.804999992018566,Spurious
100,Capacity Violation Injected,False,5.282099999021739,RoomCapacity
100,Room Collision Injected,False,16.449899994768202,RoomDoubleBooking
100,Clean / Uncorrupted,False,16.489500005263835,Spurious
100,Capacity Violation Injected,False,6.860200024675578,RoomCapacity
100,Room Collision Injected,False,17.557899991516024,RoomDoubleBooking
100,Clean / Uncorrupted,False,16.847699997015297,Spurious
100,Capacity Violation Injected,False,16.809399996418506,RoomCapacity
100,Room Collision Injected,False,17.02219998696819,RoomDoubleBooking
100,Clean / Uncorrupted,False,17.31419999850914,Spurious
100,Capacity Violation Injected,False,11.641899996902794,RoomCapacity
100,Room Collision Injected,False,17.354800016619265,RoomDoubleBooking
100,Clean / Uncorrupted,False,17.05170000786893,Spurious
100,Capacity Violation Injected,False,4.856500017922372,RoomCapacity
100,Room Collision Injected,False,16.687700001057237,RoomDoubleBooking
100,Clean / Uncorrupted,False,16.37329999357462,Spurious
100,Capacity Violation Injected,False,13.495399995008484,RoomCapacity
100,Room Collision Injected,False,16.307400015648454,RoomDoubleBooking
100,Clean / Uncorrupted,False,16.49329997599125,Spurious
100,Capacity Violation Injected,False,7.983899995451793,RoomCapacity
100,Room Collision Injected,False,17.433500004699454,RoomDoubleBooking
100,Clean / Uncorrupted,False,16.69160000164993,Spurious
100,Capacity Violation Injected,False,9.598700009519234,RoomCapacity
100,Room Collision Injected,False,16.907099983654916,RoomDoubleBooking
100,Clean / Uncorrupted,False,16.991699987556785,Spurious
100,Capacity Violation Injected,False,16.817399999126792,RoomCapacity
100,Room Collision Injected,False,17.04889998654835,RoomDoubleBooking
100,Clean / Uncorrupted,False,19.496200024150312,Spurious
100,Capacity Violation Injected,False,17.037299985531718,RoomCapacity
100,Room Collision Injected,False,18.324000004213303,RoomDoubleBooking
100,Clean / Uncorrupted,False,16.418499988503754,Spurious
100,Capacity Violation Injected,False,7.558900018921122,RoomCapacity
100,Room Collision Injected,False,1.5285999979823828,RoomDoubleBooking
100,Clean / Uncorrupted,False,16.111700009787455,Spurious
100,Capacity Violation Injected,False,3.8788999954704195,RoomCapacity
100,Room Collision Injected,False,16.4814000017941,RoomDoubleBooking
100,Clean / Uncorrupted,False,17.14949999586679,Spurious
100,Capacity Violation Injected,False,13.662100012879819,RoomCapacity
100,Room Collision Injected,False,18.193500000052154,RoomDoubleBooking
100,Clean / Uncorrupted,False,19.468599988613278,Spurious
100,Capacity Violation Injected,False,1.705200003925711,RoomCapacity
100,Room Collision Injected,False,1.4051000180188566,RoomDoubleBooking
100,Clean / Uncorrupted,False,17.616800003452227,Spurious
100,Capacity Violation Injected,False,15.361900004791096,RoomCapacity
100,Room Collision Injected,False,17.407900013495237,RoomDoubleBooking
100,Clean / Uncorrupted,False,16.825600003357977,Spurious
100,Capacity Violation Injected,False,3.4051999973598868,RoomCapacity
100,Room Collision Injected,False,16.464099986478686,RoomDoubleBooking
100,Clean / Uncorrupted,False,17.019799997797236,Spurious
100,Capacity Violation Injected,False,15.528499992797151,RoomCapacity
100,Room Collision Injected,False,17.144600016763434,RoomDoubleBooking
100,Clean / Uncorrupted,False,17.12129998486489,Spurious
100,Capacity Violation Injected,False,8.81550001213327,RoomCapacity
100,Room Collision Injected,False,16.735200013499707,RoomDoubleBooking
100,Clean / Uncorrupted,False,16.68739999877289,Spurious
100,Capacity Violation Injected,False,15.740000002551824,RoomCapacity
100,Room Collision Injected,False,1.6112999874167144,RoomDoubleBooking
100,Clean / Uncorrupted,False,16.834999987622723,Spurious
100,Capacity Violation Injected,False,4.4679999991785735,RoomCapacity
100,Room Collision Injected,False,16.467300010845065,RoomDoubleBooking
100,Clean / Uncorrupted,False,18.05350001086481,Spurious
100,Capacity Violation Injected,False,11.860800004797056,RoomCapacity
100,Room Collision Injected,False,18.017399997916073,RoomDoubleBooking
100,Clean / Uncorrupted,False,17.082400008803234,Spurious
100,Capacity Violation Injected,False,2.192200015997514,RoomCapacity
100,Room Collision Injected,False,16.283099976135418,RoomDoubleBooking
100,Clean / Uncorrupted,False,17.17640002607368,Spurious
100,Capacity Violation Injected,False,14.286000019637868,RoomCapacity
100,Room Collision Injected,False,17.388500011293218,RoomDoubleBooking
100,Clean / Uncorrupted,False,17.711699998471886,Spurious
100,Capacity Violation Injected,False,3.9351999876089394,RoomCapacity
100,Room Collision Injected,False,1.4415000041481107,RoomDoubleBooking
100,Clean / Uncorrupted,False,18.22960001300089,Spurious
100,Capacity Violation Injected,False,12.836800015065819,RoomCapacity
100,Room Collision Injected,False,17.793700011679903,RoomDoubleBooking
100,Clean / Uncorrupted,False,16.244800004642457,Spurious
100,Capacity Violation Injected,False,5.0725000037346035,RoomCapacity
100,Room Collision Injected,False,1.3691999774891883,RoomDoubleBooking
100,Clean / Uncorrupted,False,16.186900000320747,Spurious
100,Capacity Violation Injected,False,15.620899997884408,RoomCapacity
100,Room Collision Injected,False,16.45460000145249,RoomDoubleBooking
100,Clean / Uncorrupted,False,16.108800016809255,Spurious
100,Capacity Violation Injected,False,6.3276000146288425,RoomCapacity
100,Room Collision Injected,False,18.151399999624118,RoomDoubleBooking
100,Clean / Uncorrupted,False,16.594500018982217,Spurious
100,Capacity Violation Injected,False,13.221400004113093,RoomCapacity
100,Room Collision Injected,False,17.437900009099394,RoomDoubleBooking
100,Clean / Uncorrupted,False,17.79839998926036,Spurious
100,Capacity Violation Injected,False,8.490299980621785,RoomCapacity
100,Room Collision Injected,False,16.460099985124543,RoomDoubleBooking
100,Clean / Uncorrupted,False,17.590800009202212,Spurious
100,Capacity Violation Injected,False,3.049399994779378,RoomCapacity
100,Room Collision Injected,False,16.714800003683195,RoomDoubleBooking
100,Clean / Uncorrupted,False,16.203700011828914,Spurious
100,Capacity Violation Injected,False,15.948599990224466,RoomCapacity
100,Room Collision Injected,False,16.06069999979809,RoomDoubleBooking
100,Clean / Uncorrupted,False,16.533699992578477,Spurious
100,Capacity Violation Injected,False,13.864400010788813,RoomCapacity
100,Room Collision Injected,False,1.3248999894130975,RoomDoubleBooking
100,Clean / Uncorrupted,False,16.313900006935,Spurious
100,Capacity Violation Injected,False,12.710399983916432,RoomCapacity
100,Room Collision Injected,False,17.68129999982193,RoomDoubleBooking
100,Clean / Uncorrupted,False,16.093600017484277,Spurious
100,Capacity Violation Injected,False,5.177999992156401,RoomCapacity
100,Room Collision Injected,False,16.81500000995584,RoomDoubleBooking
100,Clean / Uncorrupted,False,16.85759998508729,Spurious
100,Capacity Violation Injected,False,16.778799996245652,RoomCapacity
100,Room Collision Injected,False,16.536500013899058,RoomDoubleBooking
100,Clean / Uncorrupted,False,16.070500016212463,Spurious
100,Capacity Violation Injected,False,4.569700016872957,RoomCapacity
100,Room Collision Injected,False,16.26220002071932,RoomDoubleBooking
100,Clean / Uncorrupted,False,17.233199992915615,Spurious
100,Capacity Violation Injected,False,11.375100002624094,RoomCapacity
100,Room Collision Injected,False,16.178099991520867,RoomDoubleBooking
100,Clean / Uncorrupted,False,16.60139998421073,Spurious
100,Capacity Violation Injected,False,9.302099992055446,RoomCapacity
100,Room Collision Injected,False,1.2747000146191567,RoomDoubleBooking
100,Clean / Uncorrupted,False,16.58240001415834,Spurious
100,Capacity Violation Injected,False,13.230499986093491,RoomCapacity
100,Room Collision Injected,False,15.778300003148615,RoomDoubleBooking
100,Clean / Uncorrupted,False,18.765599990729243,Spurious
100,Capacity Violation Injected,False,3.204300010111183,RoomCapacity
100,Room Collision Injected,False,18.652300001122057,RoomDoubleBooking
100,Clean / Uncorrupted,False,15.94650000333786,Spurious
100,Capacity Violation Injected,False,6.827500008512288,RoomCapacity
100,Room Collision Injected,False,1.2199999764561653,RoomDoubleBooking
100,Clean / Uncorrupted,False,15.382199984742329,Spurious
100,Capacity Violation Injected,False,5.752199998823926,RoomCapacity
100,Room Collision Injected,False,1.1955000227317214,RoomDoubleBooking
100,Clean / Uncorrupted,False,15.957800002070144,Spurious
100,Capacity Violation Injected,False,8.261899987701327,RoomCapacity
100,Room Collision Injected,False,17.430699983378872,RoomDoubleBooking
200,Clean / Uncorrupted,False,31.234099995344877,Spurious
200,Capacity Violation Injected,False,3.7662000104319304,RoomCapacity
200,Room Collision Injected,False,32.698399998480454,RoomDoubleBooking
200,Clean / Uncorrupted,False,32.23499999148771,Spurious
200,Capacity Violation Injected,False,15.778600005432963,RoomCapacity
200,Room Collision Injected,False,31.457699980819598,RoomDoubleBooking
200,Clean / Uncorrupted,False,31.014800013508648,Spurious
200,Capacity Violation Injected,False,12.944100017193705,RoomCapacity
200,Room Collision Injected,False,31.888099998468533,RoomDoubleBooking
200,Clean / Uncorrupted,False,31.779800017829984,Spurious
200,Capacity Violation Injected,False,5.858899996383116,RoomCapacity
200,Room Collision Injected,False,1.2611999991349876,RoomDoubleBooking
200,Clean / Uncorrupted,False,30.661400000099093,Spurious
200,Capacity Violation Injected,False,9.01700000395067,RoomCapacity
200,Room Collision Injected,False,32.710200001019984,RoomDoubleBooking
200,Clean / Uncorrupted,False,32.456599990837276,Spurious
200,Capacity Violation Injected,False,31.966400012606755,RoomCapacity
200,Room Collision Injected,False,1.7409000138286501,RoomDoubleBooking
200,Clean / Uncorrupted,False,32.56399999372661,Spurious
200,Capacity Violation Injected,False,7.136600004741922,RoomCapacity
200,Room Collision Injected,False,32.0664000173565,RoomDoubleBooking
200,Clean / Uncorrupted,False,32.40830000140704,Spurious
200,Capacity Violation Injected,False,23.48169998731464,RoomCapacity
200,Room Collision Injected,False,32.25640000891872,RoomDoubleBooking
200,Clean / Uncorrupted,False,32.83810001448728,Spurious
200,Capacity Violation Injected,False,9.363100019982085,RoomCapacity
200,Room Collision Injected,False,1.3376999995671213,RoomDoubleBooking
200,Clean / Uncorrupted,False,31.60980000393465,Spurious
200,Capacity Violation Injected,False,14.523899997584522,RoomCapacity
200,Room Collision Injected,False,32.03939998638816,RoomDoubleBooking
200,Clean / Uncorrupted,False,33.870299987029284,Spurious
200,Capacity Violation Injected,False,5.536200013011694,RoomCapacity
200,Room Collision Injected,False,33.09419998549856,RoomDoubleBooking
200,Clean / Uncorrupted,False,32.18360000755638,Spurious
200,Capacity Violation Injected,False,8.530699997209013,RoomCapacity
200,Room Collision Injected,False,31.77910001249984,RoomDoubleBooking
200,Clean / Uncorrupted,False,31.711099989479408,Spurious
200,Capacity Violation Injected,False,1.511400012532249,RoomCapacity
200,Room Collision Injected,False,31.334800005424768,RoomDoubleBooking
200,Clean / Uncorrupted,False,32.471599988639355,Spurious
200,Capacity Violation Injected,False,9.802700020372868,RoomCapacity
200,Room Collision Injected,False,1.3682999997399747,RoomDoubleBooking
200,Clean / Uncorrupted,False,32.97160001238808,Spurious
200,Capacity Violation Injected,False,15.530799981206656,RoomCapacity
200,Room Collision Injected,False,31.48689999943599,RoomDoubleBooking
200,Clean / Uncorrupted,False,31.01879998575896,Spurious
200,Capacity Violation Injected,False,27.65239999280311,RoomCapacity
200,Room Collision Injected,False,33.790300018154085,RoomDoubleBooking
200,Clean / Uncorrupted,False,32.03410000423901,Spurious
200,Capacity Violation Injected,False,24.258000019472092,RoomCapacity
200,Room Collision Injected,False,31.07810000074096,RoomDoubleBooking
200,Clean / Uncorrupted,False,30.698499991558492,Spurious
200,Capacity Violation Injected,False,30.7819000154268,RoomCapacity
200,Room Collision Injected,False,31.500899989623576,RoomDoubleBooking
200,Clean / Uncorrupted,False,31.638599990401417,Spurious
200,Capacity Violation Injected,False,29.86739997868426,RoomCapacity
200,Room Collision Injected,False,32.78680000221357,RoomDoubleBooking
200,Clean / Uncorrupted,False,32.347000000299886,Spurious
200,Capacity Violation Injected,False,11.586799984797835,RoomCapacity
200,Room Collision Injected,False,31.85909998137504,RoomDoubleBooking
200,Clean / Uncorrupted,False,32.61110000312328,Spurious
200,Capacity Violation Injected,False,31.935700011672452,RoomCapacity
200,Room Collision Injected,False,32.827299990458414,RoomDoubleBooking
200,Clean / Uncorrupted,False,31.608000019332394,Spurious
200,Capacity Violation Injected,False,17.172699997900054,RoomCapacity
200,Room Collision Injected,False,30.096600006800145,RoomDoubleBooking
200,Clean / Uncorrupted,False,30.763400020077825,Spurious
200,Capacity Violation Injected,False,1.9011000113096088,RoomCapacity
200,Room Collision Injected,False,31.571800005622208,RoomDoubleBooking
200,Clean / Uncorrupted,False,31.704199995147064,Spurious
200,Capacity Violation Injected,False,25.911000004271045,RoomCapacity
200,Room Collision Injected,False,1.3987999991513789,RoomDoubleBooking
200,Clean / Uncorrupted,False,31.89300000667572,Spurious
200,Capacity Violation Injected,False,30.06180000375025,RoomCapacity
200,Room Collision Injected,False,32.685100013623014,RoomDoubleBooking
200,Clean / Uncorrupted,False,31.826599995838478,Spurious
200,Capacity Violation Injected,False,7.754300022497773,RoomCapacity
200,Room Collision Injected,False,32.49019998474978,RoomDoubleBooking
200,Clean / Uncorrupted,False,31.486399995628744,Spurious
200,Capacity Violation Injected,False,14.238699979614466,RoomCapacity
200,Room Collision Injected,False,31.878899986622855,RoomDoubleBooking
200,Clean / Uncorrupted,False,31.728799978736788,Spurious
200,Capacity Violation Injected,False,9.179099986795336,RoomCapacity
200,Room Collision Injected,False,1.835799979744479,RoomDoubleBooking
200,Clean / Uncorrupted,False,31.83359999093227,Spurious
200,Capacity Violation Injected,False,15.10779999080114,RoomCapacity
200,Room Collision Injected,False,32.3385999945458,RoomDoubleBooking
200,Clean / Uncorrupted,False,31.098600011318922,Spurious
200,Capacity Violation Injected,False,12.815299996873364,RoomCapacity
200,Room Collision Injected,False,32.007800007704645,RoomDoubleBooking
200,Clean / Uncorrupted,False,32.68439997918904,Spurious
200,Capacity Violation Injected,False,20.025800011353567,RoomCapacity
200,Room Collision Injected,False,28.89549999963492,RoomDoubleBooking
200,Clean / Uncorrupted,False,30.932299996493384,Spurious
200,Capacity Violation Injected,False,8.316899999044836,RoomCapacity
200,Room Collision Injected,False,31.345299998065457,RoomDoubleBooking
200,Clean / Uncorrupted,False,31.980699975974858,Spurious
200,Capacity Violation Injected,False,8.062200009590015,RoomCapacity
200,Room Collision Injected,False,31.163000006927177,RoomDoubleBooking
200,Clean / Uncorrupted,False,31.057899992447346,Spurious
200,Capacity Violation Injected,False,28.911599976709113,RoomCapacity
200,Room Collision Injected,False,29.997600009664893,RoomDoubleBooking
200,Clean / Uncorrupted,False,33.16399999312125,Spurious
200,Capacity Violation Injected,False,5.877599993254989,RoomCapacity
200,Room Collision Injected,False,32.545699999900535,RoomDoubleBooking
200,Clean / Uncorrupted,False,31.932500016409904,Spurious
200,Capacity Violation Injected,False,3.2247999915853143,RoomCapacity
200,Room Collision Injected,False,1.2278000067453831,RoomDoubleBooking
200,Clean / Uncorrupted,False,32.47210002155043,Spurious
200,Capacity Violation Injected,False,12.240100011695176,RoomCapacity
200,Room Collision Injected,False,33.028500009095296,RoomDoubleBooking
200,Clean / Uncorrupted,False,31.241499993484467,Spurious
200,Capacity Violation Injected,False,12.85279999137856,RoomCapacity
200,Room Collision Injected,False,33.23970001656562,RoomDoubleBooking
200,Clean / Uncorrupted,False,31.716400000732392,Spurious
200,Capacity Violation Injected,False,12.330199999269098,RoomCapacity
200,Room Collision Injected,False,32.25610000663437,RoomDoubleBooking
200,Clean / Uncorrupted,False,28.93709999625571,Spurious
200,Capacity Violation Injected,False,24.77099999669008,RoomCapacity
200,Room Collision Injected,False,31.574799999361858,RoomDoubleBooking
200,Clean / Uncorrupted,False,32.34830001019873,Spurious
200,Capacity Violation Injected,False,22.964000003412366,RoomCapacity
200,Room Collision Injected,False,31.59659999073483,RoomDoubleBooking
200,Clean / Uncorrupted,False,34.29760001017712,Spurious
200,Capacity Violation Injected,False,15.068800013978034,RoomCapacity
200,Room Collision Injected,False,32.92380002676509,RoomDoubleBooking
200,Clean / Uncorrupted,False,33.28750000218861,Spurious
200,Capacity Violation Injected,False,28.19770001224242,RoomCapacity
200,Room Collision Injected,False,32.15790001559071,RoomDoubleBooking
200,Clean / Uncorrupted,False,33.58170000137761,Spurious
200,Capacity Violation Injected,False,22.289599990472198,RoomCapacity
200,Room Collision Injected,False,1.728300005197525,RoomDoubleBooking
200,Clean / Uncorrupted,False,35.056799999438226,Spurious
200,Capacity Violation Injected,False,10.069299984024838,RoomCapacity
200,Room Collision Injected,False,31.80130000691861,RoomDoubleBooking
200,Clean / Uncorrupted,False,31.17129998281598,Spurious
200,Capacity Violation Injected,False,16.385499999159947,RoomCapacity
200,Room Collision Injected,False,31.939699983922765,RoomDoubleBooking
200,Clean / Uncorrupted,False,32.82389999367297,Spurious
200,Capacity Violation Injected,False,13.357599993469194,RoomCapacity
200,Room Collision Injected,False,31.94629997597076,RoomDoubleBooking
200,Clean / Uncorrupted,False,32.00840001227334,Spurious
200,Capacity Violation Injected,False,9.935900015989318,RoomCapacity
200,Room Collision Injected,False,33.31729999626987,RoomDoubleBooking
200,Clean / Uncorrupted,False,31.52989997761324,Spurious
200,Capacity Violation Injected,False,3.203100000973791,RoomCapacity
200,Room Collision Injected,False,31.839000002946705,RoomDoubleBooking
200,Clean / Uncorrupted,False,33.138200000394136,Spurious
200,Capacity Violation Injected,False,15.738899994175881,RoomCapacity
200,Room Collision Injected,False,31.386599992401898,RoomDoubleBooking
400,Clean / Uncorrupted,False,61.04609998874366,Spurious
400,Capacity Violation Injected,False,56.99480001931079,RoomCapacity
400,Room Collision Injected,False,62.859300000127405,RoomDoubleBooking
400,Clean / Uncorrupted,False,61.740499979350716,Spurious
400,Capacity Violation Injected,False,27.47939998516813,RoomCapacity
400,Room Collision Injected,False,60.99190001259558,RoomDoubleBooking
400,Clean / Uncorrupted,False,61.63969999761321,Spurious
400,Capacity Violation Injected,False,54.28350000875071,RoomCapacity
400,Room Collision Injected,False,61.18889999925159,RoomDoubleBooking
400,Clean / Uncorrupted,False,62.494599987985566,Spurious
400,Capacity Violation Injected,False,54.84199998318218,RoomCapacity
400,Room Collision Injected,False,63.31500000669621,RoomDoubleBooking
400,Clean / Uncorrupted,False,61.663800006499514,Spurious
400,Capacity Violation Injected,False,45.86859999108128,RoomCapacity
400,Room Collision Injected,False,65.63420000020415,RoomDoubleBooking
400,Clean / Uncorrupted,False,64.10150000010617,Spurious
400,Capacity Violation Injected,False,28.650899999774992,RoomCapacity
400,Room Collision Injected,False,1.6836999857332557,RoomDoubleBooking
400,Clean / Uncorrupted,False,62.35069999820553,Spurious
400,Capacity Violation Injected,False,61.69810000574216,RoomCapacity
400,Room Collision Injected,False,62.48069999855943,RoomDoubleBooking
400,Clean / Uncorrupted,False,63.19980000262149,Spurious
400,Capacity Violation Injected,False,17.265700007556006,RoomCapacity
400,Room Collision Injected,False,64.24099998548627,RoomDoubleBooking
400,Clean / Uncorrupted,False,62.10000001010485,Spurious
400,Capacity Violation Injected,False,53.445199999259785,RoomCapacity
400,Room Collision Injected,False,62.89849997847341,RoomDoubleBooking
400,Clean / Uncorrupted,False,65.13420000555925,Spurious
400,Capacity Violation Injected,False,41.76160000497475,RoomCapacity
400,Room Collision Injected,False,62.60099998326041,RoomDoubleBooking
400,Clean / Uncorrupted,False,63.01760001224466,Spurious
400,Capacity Violation Injected,False,10.395099991001189,RoomCapacity
400,Room Collision Injected,False,63.7589999823831,RoomDoubleBooking
400,Clean / Uncorrupted,False,61.70239998027682,Spurious
400,Capacity Violation Injected,False,16.427599999587983,RoomCapacity
400,Room Collision Injected,False,61.6802999866195,RoomDoubleBooking
400,Clean / Uncorrupted,False,62.313900009030476,Spurious
400,Capacity Violation Injected,False,10.150699992664158,RoomCapacity
400,Room Collision Injected,False,62.68269999418408,RoomDoubleBooking
400,Clean / Uncorrupted,False,63.11690001166426,Spurious
400,Capacity Violation Injected,False,41.367099998751655,RoomCapacity
400,Room Collision Injected,False,64.60189999779686,RoomDoubleBooking
400,Clean / Uncorrupted,False,61.76809998578392,Spurious
400,Capacity Violation Injected,False,32.38469999632798,RoomCapacity
400,Room Collision Injected,False,62.590600020485,RoomDoubleBooking
400,Clean / Uncorrupted,False,61.98860000586137,Spurious
400,Capacity Violation Injected,False,29.71050000633113,RoomCapacity
400,Room Collision Injected,False,61.996900010854006,RoomDoubleBooking
400,Clean / Uncorrupted,False,62.286100001074374,Spurious
400,Capacity Violation Injected,False,55.39439999847673,RoomCapacity
400,Room Collision Injected,False,61.61509998491965,RoomDoubleBooking
400,Clean / Uncorrupted,False,60.16190000809729,Spurious
400,Capacity Violation Injected,False,6.518100009998307,RoomCapacity
400,Room Collision Injected,False,63.200000004144385,RoomDoubleBooking
400,Clean / Uncorrupted,False,62.91199999395758,Spurious
400,Capacity Violation Injected,False,53.56010000105016,RoomCapacity
400,Room Collision Injected,False,63.57009999919683,RoomDoubleBooking
400,Clean / Uncorrupted,False,64.38019999768585,Spurious
400,Capacity Violation Injected,False,50.11059998651035,RoomCapacity
400,Room Collision Injected,False,62.81880001188256,RoomDoubleBooking
400,Clean / Uncorrupted,False,60.841500002425164,Spurious
400,Capacity Violation Injected,False,29.565000004367903,RoomCapacity
400,Room Collision Injected,False,1.486499997554347,RoomDoubleBooking
400,Clean / Uncorrupted,False,62.94489998253994,Spurious
400,Capacity Violation Injected,False,45.88270001113415,RoomCapacity
400,Room Collision Injected,False,1.8684000242501497,RoomDoubleBooking
400,Clean / Uncorrupted,False,63.05359999532811,Spurious
400,Capacity Violation Injected,False,58.184399997117,RoomCapacity
400,Room Collision Injected,False,63.193899986799806,RoomDoubleBooking
400,Clean / Uncorrupted,False,61.508100014179945,Spurious
400,Capacity Violation Injected,False,5.884500016691163,RoomCapacity
400,Room Collision Injected,False,61.93239998538047,RoomDoubleBooking
400,Clean / Uncorrupted,False,62.29980001808144,Spurious
400,Capacity Violation Injected,False,52.29419999523088,RoomCapacity
400,Room Collision Injected,False,64.01309999637306,RoomDoubleBooking
400,Clean / Uncorrupted,False,61.89680000534281,Spurious
400,Capacity Violation Injected,False,43.24030000134371,RoomCapacity
400,Room Collision Injected,False,62.998500012326986,RoomDoubleBooking
400,Clean / Uncorrupted,False,60.88180001825094,Spurious
400,Capacity Violation Injected,False,21.998000011080876,RoomCapacity
400,Room Collision Injected,False,62.131800019415095,RoomDoubleBooking
400,Clean / Uncorrupted,False,61.25840000458993,Spurious
400,Capacity Violation Injected,False,28.210799995576963,RoomCapacity
400,Room Collision Injected,False,1.4055999927222729,RoomDoubleBooking
400,Clean / Uncorrupted,False,61.149600020144135,Spurious
400,Capacity Violation Injected,False,12.951399985468015,RoomCapacity
400,Room Collision Injected,False,61.86030001845211,RoomDoubleBooking
400,Clean / Uncorrupted,False,64.10620000679046,Spurious
400,Capacity Violation Injected,False,17.915300006279722,RoomCapacity
400,Room Collision Injected,False,1.3054000155534595,RoomDoubleBooking
400,Clean / Uncorrupted,False,62.32029999955557,Spurious
400,Capacity Violation Injected,False,45.32070001005195,RoomCapacity
400,Room Collision Injected,False,61.31010001990944,RoomDoubleBooking
400,Clean / Uncorrupted,False,64.3424000008963,Spurious
400,Capacity Violation Injected,False,70.56069999816827,RoomCapacity
400,Room Collision Injected,False,2.905000001192093,RoomDoubleBooking
400,Clean / Uncorrupted,False,82.69529999233782,Spurious
400,Capacity Violation Injected,False,83.22480000788346,RoomCapacity
400,Room Collision Injected,False,93.3806000102777,RoomDoubleBooking
400,Clean / Uncorrupted,False,93.82469998672605,Spurious
400,Capacity Violation Injected,False,56.33609998039901,RoomCapacity
400,Room Collision Injected,False,97.54260000772774,RoomDoubleBooking
400,Clean / Uncorrupted,False,88.33030000096187,Spurious
400,Capacity Violation Injected,False,22.6064000162296,RoomCapacity
400,Room Collision Injected,False,89.44660000270233,RoomDoubleBooking
400,Clean / Uncorrupted,False,102.6422000140883,Spurious
400,Capacity Violation Injected,False,22.31289999326691,RoomCapacity
400,Room Collision Injected,False,106.7996000056155,RoomDoubleBooking
400,Clean / Uncorrupted,False,98.06999997817911,Spurious
400,Capacity Violation Injected,False,74.44789999863133,RoomCapacity
400,Room Collision Injected,False,81.05089998571202,RoomDoubleBooking
400,Clean / Uncorrupted,False,86.63039997918531,Spurious
400,Capacity Violation Injected,False,16.948400007095188,RoomCapacity
400,Room Collision Injected,False,110.21710000932217,RoomDoubleBooking
400,Clean / Uncorrupted,False,130.5788999889046,Spurious
400,Capacity Violation Injected,False,72.73519999580458,RoomCapacity
400,Room Collision Injected,False,101.87889999360777,RoomDoubleBooking
400,Clean / Uncorrupted,False,91.12319999258034,Spurious
400,Capacity Violation Injected,False,49.09709998173639,RoomCapacity
400,Room Collision Injected,False,123.99300001561642,RoomDoubleBooking
400,Clean / Uncorrupted,False,88.43239999259822,Spurious
400,Capacity Violation Injected,False,31.245899997884408,RoomCapacity
400,Room Collision Injected,False,85.72500001173466,RoomDoubleBooking
400,Clean / Uncorrupted,False,92.06719999201596,Spurious
400,Capacity Violation Injected,False,75.02150000073016,RoomCapacity
400,Room Collision Injected,False,77.18990001012571,RoomDoubleBooking
400,Clean / Uncorrupted,False,78.18569999653846,Spurious
400,Capacity Violation Injected,False,34.93920000619255,RoomCapacity
400,Room Collision Injected,False,79.89110000198707,RoomDoubleBooking
400,Clean / Uncorrupted,False,81.96880001924,Spurious
400,Capacity Violation Injected,False,22.54719997290522,RoomCapacity
400,Room Collision Injected,False,81.97150001069531,RoomDoubleBooking
400,Clean / Uncorrupted,False,78.82700001937337,Spurious
400,Capacity Violation Injected,False,55.57100000442006,RoomCapacity
400,Room Collision Injected,False,110.82629999145865,RoomDoubleBooking
400,Clean / Uncorrupted,False,81.99829998193309,Spurious
400,Capacity Violation Injected,False,51.859700004570186,RoomCapacity
400,Room Collision Injected,False,90.0547000055667,RoomDoubleBooking
400,Clean / Uncorrupted,False,114.33820001548156,Spurious
400,Capacity Violation Injected,False,28.327900014119223,RoomCapacity
400,Room Collision Injected,False,97.8031000122428,RoomDoubleBooking
400,Clean / Uncorrupted,False,83.22140001109801,Spurious
400,Capacity Violation Injected,False,84.19409999623895,RoomCapacity
400,Room Collision Injected,False,97.16949998983182,RoomDoubleBooking
400,Clean / Uncorrupted,False,111.8543999909889,Spurious
400,Capacity Violation Injected,False,80.43000000179745,RoomCapacity
400,Room Collision Injected,False,78.97919998504221,RoomDoubleBooking
400,Clean / Uncorrupted,False,94.17990001384169,Spurious
400,Capacity Violation Injected,False,69.73849999485537,RoomCapacity
400,Room Collision Injected,False,99.21230000327341,RoomDoubleBooking
