schedule_size,test_type,is_valid,latency_ms,violation_type
20,Clean / Uncorrupted,True,37.547051993897185,None
20,Capacity Violation Injected,False,7.697605004068464,RoomCapacity
20,Room Collision Injected,False,6.437297008233145,RoomDoubleBooking
20,Clean / Uncorrupted,False,6.132393988082185,Spurious
20,Capacity Violation Injected,False,5.414117011241615,RoomCapacity
20,Room Collision Injected,False,6.033904996002093,RoomDoubleBooking
20,Clean / Uncorrupted,True,10.34671301022172,None
20,Capacity Violation Injected,False,5.22217497928068,RoomCapacity
20,Room Collision Injected,False,6.138060009106994,RoomDoubleBooking
20,Clean / Uncorrupted,False,6.469323008786887,Spurious
20,Capacity Violation Injected,False,4.905685986159369,RoomCapacity
20,Room Collision Injected,False,6.171391985844821,RoomDoubleBooking
20,Clean / Uncorrupted,True,9.626434009987861,None
20,Capacity Violation Injected,False,5.180640000617132,RoomCapacity
20,Room Collision Injected,False,2.05510898376815,RoomDoubleBooking
20,Clean / Uncorrupted,False,6.351446994813159,Spurious
20,Capacity Violation Injected,False,6.199565017595887,RoomCapacity
20,Room Collision Injected,False,6.175584014272317,RoomDoubleBooking
20,Clean / Uncorrupted,True,9.69001799239777,None
20,Capacity Violation Injected,False,3.482993022771552,RoomCapacity
20,Room Collision Injected,False,6.015819002641365,RoomDoubleBooking
20,Clean / Uncorrupted,True,10.014631989179179,None
20,Capacity Violation Injected,False,5.390043021179736,RoomCapacity
20,Room Collision Injected,False,6.832532992120832,RoomDoubleBooking
20,Clean / Uncorrupted,False,7.234463002532721,Spurious
20,Capacity Violation Injected,False,4.49098099488765,RoomCapacity
20,Room Collision Injected,False,6.220843002665788,RoomDoubleBooking
20,Clean / Uncorrupted,False,6.186417012941092,Spurious
20,Capacity Violation Injected,False,4.982740996638313,RoomCapacity
20,Room Collision Injected,False,1.9244360155425966,RoomDoubleBooking
20,Clean / Uncorrupted,False,6.114170013461262,Spurious
20,Capacity Violation Injected,False,5.888899002457038,RoomCapacity
20,Room Collision Injected,False,6.19472999824211,RoomDoubleBooking
20,Clean / Uncorrupted,False,6.109695008490235,Spurious
20,Capacity Violation Injected,False,6.031494005583227,RoomCapacity
20,Room Collision Injected,False,1.9715960079338402,RoomDoubleBooking
20,Clean / Uncorrupted,True,10.43432901496999,None
20,Capacity Violation Injected,False,1.619749004021287,RoomCapacity
20,Room Collision Injected,False,5.972951999865472,RoomDoubleBooking
20,Clean / Uncorrupted,False,6.091584014939144,Spurious
20,Capacity Violation Injected,False,2.6978969981428236,RoomCapacity
20,Room Collision Injected,False,1.9140630029141903,RoomDoubleBooking
20,Clean / Uncorrupted,False,6.095601973356679,Spurious
20,Capacity Violation Injected,False,3.85199801530689,RoomCapacity
20,Room Collision Injected,False,6.072879012208432,RoomDoubleBooking
20,Clean / Uncorrupted,True,9.406322991708294,None
20,Capacity Violation Injected,False,4.328823008108884,RoomCapacity
20,Room Collision Injected,False,6.07070600381121,RoomDoubleBooking
20,Clean / Uncorrupted,True,10.20554601564072,None
20,Capacity Violation Injected,False,6.163635000120848,RoomCapacity
20,Room Collision Injected,False,6.221717980224639,RoomDoubleBooking
20,Clean / Uncorrupted,False,8.15529198735021,Spurious
20,Capacity Violation Injected,False,4.069973016157746,RoomCapacity
20,Room Collision Injected,False,6.041467015165836,RoomDoubleBooking
20,Clean / Uncorrupted,False,6.12427102169022,Spurious
20,Capacity Violation Injected,False,5.910195992328227,RoomCapacity
20,Room Collision Injected,False,6.1829559854231775,RoomDoubleBooking
20,Clean / Uncorrupted,False,6.356288999086246,Spurious
20,Capacity Violation Injected,False,4.914311983156949,RoomCapacity
20,Room Collision Injected,False,6.145762978121638,RoomDoubleBooking
20,Clean / Uncorrupted,True,11.675920017296448,None
20,Capacity Violation Injected,False,6.315848993835971,RoomCapacity
20,Room Collision Injected,False,6.256285007111728,RoomDoubleBooking
20,Clean / Uncorrupted,False,7.173507998231798,Spurious
20,Capacity Violation Injected,False,7.501632993808016,RoomCapacity
20,Room Collision Injected,False,14.14935098728165,RoomDoubleBooking
20,Clean / Uncorrupted,True,10.048907017335296,None
20,Capacity Violation Injected,False,4.326855996623635,RoomCapacity
20,Room Collision Injected,False,6.095593009376898,RoomDoubleBooking
20,Clean / Uncorrupted,True,9.400299983099103,None
20,Capacity Violation Injected,False,3.9581150049343705,RoomCapacity
20,Room Collision Injected,False,7.953341002576053,RoomDoubleBooking
20,Clean / Uncorrupted,True,9.702720999484882,None
20,Capacity Violation Injected,False,1.9961039943154901,RoomCapacity
20,Room Collision Injected,False,1.8560210010036826,RoomDoubleBooking
20,Clean / Uncorrupted,False,7.094433007296175,Spurious
20,Capacity Violation Injected,False,5.4501529957633466,RoomCapacity
20,Room Collision Injected,False,1.9714449881576002,RoomDoubleBooking
20,Clean / Uncorrupted,False,6.044284993549809,Spurious
20,Capacity Violation Injected,False,1.9500930211506784,RoomCapacity
20,Room Collision Injected,False,6.172671011881903,RoomDoubleBooking
20,Clean / Uncorrupted,True,10.120404011104256,None
20,Capacity Violation Injected,False,5.3134250047151,RoomCapacity
20,Room Collision Injected,False,6.070559000363573,RoomDoubleBooking
20,Clean / Uncorrupted,True,11.033304006559774,None
20,Capacity Violation Injected,False,1.6453769931104034,RoomCapacity
20,Room Collision Injected,False,5.949196027358994,RoomDoubleBooking
20,Clean / Uncorrupted,True,11.659957002848387,None
20,Capacity Violation Injected,False,3.91601599403657,RoomCapacity
20,Room Collision Injected,False,6.104533007601276,RoomDoubleBooking
20,Clean / Uncorrupted,True,9.59376699756831,None
20,Capacity Violation Injected,False,3.643004019977525,RoomCapacity
20,Room Collision Injected,False,6.123692000983283,RoomDoubleBooking
20,Clean / Uncorrupted,False,7.843711005989462,Spurious
20,Capacity Violation Injected,False,5.849108012625948,RoomCapacity
20,Room Collision Injected,False,6.435037998016924,RoomDoubleBooking
20,Clean / Uncorrupted,True,9.750858996994793,None
20,Capacity Violation Injected,False,4.546026990283281,RoomCapacity
20,Room Collision Injected,False,6.119204015703872,RoomDoubleBooking
20,Clean / Uncorrupted,False,6.212320004124194,Spurious
20,Capacity Violation Injected,False,6.6174780076835304,RoomCapacity
20,Room Collision Injected,False,2.275327016832307,RoomDoubleBooking
20,Clean / Uncorrupted,True,9.655553003540263,None
20,Capacity Violation Injected,False,3.1912089907564223,RoomCapacity
20,Room Collision Injected,False,1.8885390018112957,RoomDoubleBooking
20,Clean / Uncorrupted,True,9.113355015870184,None
20,Capacity Violation Injected,False,4.690978996222839,RoomCapacity
20,Room Collision Injected,False,6.13056099973619,RoomDoubleBooking
20,Clean / Uncorrupted,False,7.317131996387616,Spurious
20,Capacity Violation Injected,False,2.253214013762772,RoomCapacity
20,Room Collision Injected,False,6.0827450070064515,RoomDoubleBooking
20,Clean / Uncorrupted,True,9.603401005733758,None
20,Capacity Violation Injected,False,4.1214369994122535,RoomCapacity
20,Room Collision Injected,False,6.050905998563394,RoomDoubleBooking
20,Clean / Uncorrupted,False,6.144686019979417,Spurious
20,Capacity Violation Injected,False,2.4908579944167286,RoomCapacity
20,Room Collision Injected,False,6.022754008881748,RoomDoubleBooking
20,Clean / Uncorrupted,False,6.077652011299506,Spurious
20,Capacity Violation Injected,False,5.777165002655238,RoomCapacity
20,Room Collision Injected,False,6.276654021348804,RoomDoubleBooking
20,Clean / Uncorrupted,True,11.054968985263258,None
20,Capacity Violation Injected,False,3.6873689969070256,RoomCapacity
20,Room Collision Injected,False,1.9755600078497082,RoomDoubleBooking
20,Clean / Uncorrupted,False,6.034835998434573,Spurious
20,Capacity Violation Injected,False,5.798533995402977,RoomCapacity
20,Room Collision Injected,False,6.074962991988286,RoomDoubleBooking
20,Clean / Uncorrupted,True,9.840934013482183,None
20,Capacity Violation Injected,False,8.314438018715009,RoomCapacity
20,Room Collision Injected,False,2.1032170043326914,RoomDoubleBooking
20,Clean / Uncorrupted,False,6.133348011644557,Spurious
20,Capacity Violation Injected,False,6.1194400186650455,RoomCapacity
20,Room Collision Injected,False,6.129162007709965,RoomDoubleBooking
20,Clean / Uncorrupted,True,9.435176994884387,None
20,Capacity Violation Injected,False,3.7672749895136803,RoomCapacity
20,Room Collision Injected,False,6.171875982545316,RoomDoubleBooking
20,Clean / Uncorrupted,False,6.975730007980019,Spurious
20,Capacity Violation Injected,False,4.339514998719096,RoomCapacity
20,Room Collision Injected,False,6.053328979760408,RoomDoubleBooking
20,Clean / Uncorrupted,False,8.53364501381293,Spurious
20,Capacity Violation Injected,False,3.870966989779845,RoomCapacity
20,Room Collision Injected,False,6.166906998259947,RoomDoubleBooking
20,Clean / Uncorrupted,False,6.122396007413045,Spurious
20,Capacity Violation Injected,False,5.601086013484746,RoomCapacity
20,Room Collision Injected,False,6.067519017960876,RoomDoubleBooking
20,Clean / Uncorrupted,False,6.143409991636872,Spurious
20,Capacity Violation Injected,False,7.580035016871989,RoomCapacity
20,Room Collision Injected,False,6.753434980055317,RoomDoubleBooking
20,Clean / Uncorrupted,True,10.470212990185246,None
20,Capacity Violation Injected,False,2.535570994950831,RoomCapacity
20,Room Collision Injected,False,6.010693992720917,RoomDoubleBooking
50,Clean / Uncorrupted,False,12.57853300194256,Spurious
50,Capacity Violation Injected,False,10.357191989896819,RoomCapacity
50,Room Collision Injected,False,2.008606999879703,RoomDoubleBooking
50,Clean / Uncorrupted,False,12.647362978896126,Spurious
50,Capacity Violation Injected,False,10.413707001134753,RoomCapacity
50,Room Collision Injected,False,1.9988759886473417,RoomDoubleBooking
50,Clean / Uncorrupted,False,12.604355986695737,Spurious
50,Capacity Violation Injected,False,7.006544998148456,RoomCapacity
50,Room Collision Injected,False,12.911454017739743,RoomDoubleBooking
50,Clean / Uncorrupted,False,12.89761599036865,Spurious
50,Capacity Violation Injected,False,11.720984010025859,RoomCapacity
50,Room Collision Injected,False,12.73432100424543,RoomDoubleBooking
50,Clean / Uncorrupted,False,12.757971009705216,Spurious
50,Capacity Violation Injected,False,12.59574299911037,RoomCapacity
50,Room Collision Injected,False,2.143674995750189,RoomDoubleBooking
50,Clean / Uncorrupted,False,13.117437018081546,Spurious
50,Capacity Violation Injected,False,11.189648997969925,RoomCapacity
50,Room Collision Injected,False,15.276348014594987,RoomDoubleBooking
50,Clean / Uncorrupted,False,12.506530998507515,Spurious
50,Capacity Violation Injected,False,9.724989999085665,RoomCapacity
50,Room Collision Injected,False,14.356279018102214,RoomDoubleBooking
50,Clean / Uncorrupted,False,12.793782982043922,Spurious
50,Capacity Violation Injected,False,9.807866998016834,RoomCapacity
50,Room Collision Injected,False,12.51569201122038,RoomDoubleBooking
50,Clean / Uncorrupted,False,12.575150991324335,Spurious
50,Capacity Violation Injected,False,8.595527993747965,RoomCapacity
50,Room Collision Injected,False,13.212468009442091,RoomDoubleBooking
50,Clean / Uncorrupted,False,12.873245985247195,Spurious
50,Capacity Violation Injected,False,9.898460004478693,RoomCapacity
50,Room Collision Injected,False,12.578034977195784,RoomDoubleBooking
50,Clean / Uncorrupted,False,12.725767999654636,Spurious
50,Capacity Violation Injected,False,9.965851990273222,RoomCapacity
50,Room Collision Injected,False,15.108190011233091,RoomDoubleBooking
50,Clean / Uncorrupted,False,12.961330998223275,Spurious
50,Capacity Violation Injected,False,11.918158998014405,RoomCapacity
50,Room Collision Injected,False,12.576842011185363,RoomDoubleBooking
50,Clean / Uncorrupted,False,12.618825974641368,Spurious
50,Capacity Violation Injected,False,9.164944989606738,RoomCapacity
50,Room Collision Injected,False,12.824320001527667,RoomDoubleBooking
50,Clean / Uncorrupted,False,13.170068006729707,Spurious
50,Capacity Violation Injected,False,9.283161984058097,RoomCapacity
50,Room Collision Injected,False,12.788335006916896,RoomDoubleBooking
50,Clean / Uncorrupted,False,20.208303001709282,Spurious
50,Capacity Violation Injected,False,13.206522009568289,RoomCapacity
50,Room Collision Injected,False,2.0444449910428375,RoomDoubleBooking
50,Clean / Uncorrupted,False,13.569009985076264,Spurious
50,Capacity Violation Injected,False,9.15736600290984,RoomCapacity
50,Room Collision Injected,False,2.038493985310197,RoomDoubleBooking
50,Clean / Uncorrupted,False,12.53156500752084,Spurious
50,Capacity Violation Injected,False,1.6329710197169334,RoomCapacity
50,Room Collision Injected,False,12.337588996160775,RoomDoubleBooking
50,Clean / Uncorrupted,False,12.843345990404487,Spurious
50,Capacity Violation Injected,False,13.230601005489007,RoomCapacity
50,Room Collision Injected,False,2.137700008461252,RoomDoubleBooking
50,Clean / Uncorrupted,False,13.767939002718776,Spurious
50,Capacity Violation Injected,False,8.072513999650255,RoomCapacity
50,Room Collision Injected,False,13.973963010357693,RoomDoubleBooking
50,Clean / Uncorrupted,False,12.875637999968603,Spurious
50,Capacity Violation Injected,False,5.6492699950467795,RoomCapacity
50,Room Collision Injected,False,12.45691700023599,RoomDoubleBooking
50,Clean / Uncorrupted,False,13.379519019508734,Spurious
50,Capacity Violation Injected,False,12.667023023823276,RoomCapacity
50,Room Collision Injected,False,14.730697992490605,RoomDoubleBooking
50,Clean / Uncorrupted,False,12.866009026765823,Spurious
50,Capacity Violation Injected,False,5.230823997408152,RoomCapacity
50,Room Collision Injected,False,12.46569398790598,RoomDoubleBooking
50,Clean / Uncorrupted,False,13.945693004643545,Spurious
50,Capacity Violation Injected,False,9.415834007086232,RoomCapacity
50,Room Collision Injected,False,12.725743988994509,RoomDoubleBooking
50,Clean / Uncorrupted,False,13.34346499061212,Spurious
50,Capacity Violation Injected,False,6.612332013901323,RoomCapacity
50,Room Collision Injected,False,12.75238100788556,RoomDoubleBooking
50,Clean / Uncorrupted,False,13.283420994412154,Spurious
50,Capacity Violation Injected,False,5.606279999483377,RoomCapacity
50,Room Collision Injected,False,12.628497002879158,RoomDoubleBooking
50,Clean / Uncorrupted,False,12.706053996225819,Spurious
50,Capacity Violation Injected,False,4.926788999000564,RoomCapacity
50,Room Collision Injected,False,12.79626099858433,RoomDoubleBooking
50,Clean / Uncorrupted,False,12.689181021414697,Spurious
50,Capacity Violation Injected,False,11.963922996073961,RoomCapacity
50,Room Collision Injected,False,12.597713008290157,RoomDoubleBooking
50,Clean / Uncorrupted,False,14.033551997272298,Spurious
50,Capacity Violation Injected,False,2.224298019427806,RoomCapacity
50,Room Collision Injected,False,14.218677999451756,RoomDoubleBooking
50,Clean / Uncorrupted,False,15.501104004215449,Spurious
50,Capacity Violation Injected,False,6.270478013902903,RoomCapacity
50,Room Collision Injected,False,12.637345003895462,RoomDoubleBooking
50,Clean / Uncorrupted,False,12.657515006139874,Spurious
50,Capacity Violation Injected,False,3.436041995882988,RoomCapacity
50,Room Collision Injected,False,12.648331990931183,RoomDoubleBooking
50,Clean / Uncorrupted,False,14.228354004444554,Spurious
50,Capacity Violation Injected,False,7.899335992988199,RoomCapacity
50,Room Collision Injected,False,12.563319003675133,RoomDoubleBooking
50,Clean / Uncorrupted,False,12.832959007937461,Spurious
50,Capacity Violation Injected,False,9.070414991583675,RoomCapacity
50,Room Collision Injected,False,2.0507499866653234,RoomDoubleBooking
50,Clean / Uncorrupted,False,12.409639020916075,Spurious
50,Capacity Violation Injected,False,3.0405319994315505,RoomCapacity
50,Room Collision Injected,False,12.722918996587396,RoomDoubleBooking
50,Clean / Uncorrupted,False,13.568505004514009,Spurious
50,Capacity Violation Injected,False,3.532265982357785,RoomCapacity
50,Room Collision Injected,False,12.646073999349028,RoomDoubleBooking
50,Clean / Uncorrupted,False,12.818877003155649,Spurious
50,Capacity Violation Injected,False,11.482575995614752,RoomCapacity
50,Room Collision Injected,False,12.527446000603959,RoomDoubleBooking
50,Clean / Uncorrupted,False,12.632764992304146,Spurious
50,Capacity Violation Injected,False,12.677146994974464,RoomCapacity
50,Room Collision Injected,False,12.693863973254338,RoomDoubleBooking
50,Clean / Uncorrupted,False,12.868302001152188,Spurious
50,Capacity Violation Injected,False,7.013909984380007,RoomCapacity
50,Room Collision Injected,False,14.44383300258778,RoomDoubleBooking
50,Clean / Uncorrupted,False,14.168576977681369,Spurious
50,Capacity Violation Injected,False,7.600593991810456,RoomCapacity
50,Room Collision Injected,False,12.701491999905556,RoomDoubleBooking
50,Clean / Uncorrupted,False,13.770324003417045,Spurious
50,Capacity Violation Injected,False,7.005163992289454,RoomCapacity
50,Room Collision Injected,False,12.690117000602186,RoomDoubleBooking
50,Clean / Uncorrupted,False,13.242873013950884,Spurious
50,Capacity Violation Injected,False,5.307793006068096,RoomCapacity
50,Room Collision Injected,False,13.0590439948719,RoomDoubleBooking
50,Clean / Uncorrupted,False,12.84313399810344,Spurious
50,Capacity Violation Injected,False,2.052582975011319,RoomCapacity
50,Room Collision Injected,False,13.07223501498811,RoomDoubleBooking
50,Clean / Uncorrupted,False,12.723721010843292,Spurious
50,Capacity Violation Injected,False,9.826078021433204,RoomCapacity
50,Room Collision Injected,False,12.524871999630705,RoomDoubleBooking
50,Clean / Uncorrupted,False,14.20932897599414,Spurious
50,Capacity Violation Injected,False,11.40890599344857,RoomCapacity
50,Room Collision Injected,False,12.641645997064188,RoomDoubleBooking
50,Clean / Uncorrupted,False,13.045461004367098,Spurious
50,Capacity Violation Injected,False,6.660948012722656,RoomCapacity
50,Room Collision Injected,False,12.722751998808235,RoomDoubleBooking
50,Clean / Uncorrupted,False,12.687070004176348,Spurious
50,Capacity Violation Injected,False,10.19560798886232,RoomCapacity
50,Room Collision Injected,False,13.18896998418495,RoomDoubleBooking
50,Clean / Uncorrupted,False,13.136828987626359,Spurious
50,Capacity Violation Injected,False,8.112815005006269,RoomCapacity
50,Room Collision Injected,False,21.1985929927323,RoomDoubleBooking
50,Clean / Uncorrupted,False,14.71168699208647,Spurious
50,Capacity Violation Injected,False,9.687903977464885,RoomCapacity
50,Room Collision Injected,False,2.0076890068594366,RoomDoubleBooking
50,Clean / Uncorrupted,False,12.527075974503532,Spurious
50,Capacity Violation Injected,False,5.412486003478989,RoomCapacity
50,Room Collision Injected,False,12.742793012876064,RoomDoubleBooking
50,Clean / Uncorrupted,False,12.613344006240368,Spurious
50,Capacity Violation Injected,False,5.503719992702827,RoomCapacity
50,Room Collision Injected,False,2.0395249885041267,RoomDoubleBooking
50,Clean / Uncorrupted,False,14.998651022324339,Spurious
50,Capacity Violation Injected,False,10.687489004340023,RoomCapacity
50,Room Collision Injected,False,14.525816979585215,RoomDoubleBooking
100,Clean / Uncorrupted,False,23.492619016906247,Spurious
100,Capacity Violation Injected,False,14.306571014458314,RoomCapacity
100,Room Collision Injected,False,23.530203994596377,RoomDoubleBooking
100,Clean / Uncorrupted,False,23.303249006858096,Spurious
100,Capacity Violation Injected,False,6.778815004508942,RoomCapacity
100,Room Collision Injected,False,2.014368976233527,RoomDoubleBooking
100,Clean / Uncorrupted,False,24.38496600370854,Spurious
100,Capacity Violation Injected,False,21.363704989198595,RoomCapacity
100,Room Collision Injected,False,2.0833470043726265,RoomDoubleBooking
100,Clean / Uncorrupted,False,24.140822992194444,Spurious
100,Capacity Violation Injected,False,23.02966802380979,RoomCapacity
100,Room Collision Injected,False,25.14274400891736,RoomDoubleBooking
100,Clean / Uncorrupted,False,23.377657984383404,Spurious
100,Capacity Violation Injected,False,2.0791430142708123,RoomCapacity
100,Room Collision Injected,False,23.02538399817422,RoomDoubleBooking
100,Clean / Uncorrupted,False,23.186387988971546,Spurious
100,Capacity Violation Injected,False,6.817270012106746,RoomCapacity
100,Room Collision Injected,False,2.1461399737745523,RoomDoubleBooking
100,Clean / Uncorrupted,False,23.15653199912049,Spurious
100,Capacity Violation Injected,False,7.029223983408883,RoomCapacity
100,Room Collision Injected,False,23.31789000891149,RoomDoubleBooking
100,Clean / Uncorrupted,False,23.387522000120953,Spurious
100,Capacity Violation Injected,False,9.934942005202174,RoomCapacity
100,Room Collision Injected,False,23.24793001753278,RoomDoubleBooking
100,Clean / Uncorrupted,False,23.275023995665833,Spurious
100,Capacity Violation Injected,False,22.352232976118103,RoomCapacity
100,Room Collision Injected,False,23.592302022734657,RoomDoubleBooking
100,Clean / Uncorrupted,False,33.10909299761988,Spurious
100,Capacity Violation Injected,False,16.753559990320355,RoomCapacity
100,Room Collision Injected,False,26.185790018644184,RoomDoubleBooking
100,Clean / Uncorrupted,False,23.836194013711065,Spurious
100,Capacity Violation Injected,False,5.496526981005445,RoomCapacity
100,Room Collision Injected,False,23.45996000804007,RoomDoubleBooking
100,Clean / Uncorrupted,False,25.16608900623396,Spurious
100,Capacity Violation Injected,False,19.698429998243228,RoomCapacity
100,Room Collision Injected,False,27.719450008589774,RoomDoubleBooking
100,Clean / Uncorrupted,False,24.518634978448972,Spurious
100,Capacity Violation Injected,False,11.386111000319943,RoomCapacity
100,Room Collision Injected,False,23.869574011769146,RoomDoubleBooking
100,Clean / Uncorrupted,False,23.661727987928316,Spurious
100,Capacity Violation Injected,False,12.62252000742592,RoomCapacity
100,Room Collision Injected,False,24.530536000384018,RoomDoubleBooking
100,Clean / Uncorrupted,False,26.632930006599054,Spurious
100,Capacity Violation Injected,False,23.686091997660697,RoomCapacity
100,Room Collision Injected,False,24.14959599263966,RoomDoubleBooking
100,Clean / Uncorrupted,False,39.184749010019004,Spurious
100,Capacity Violation Injected,False,17.143315024441108,RoomCapacity
100,Room Collision Injected,False,24.03547300491482,RoomDoubleBooking
100,Clean / Uncorrupted,False,24.69729501171969,Spurious
100,Capacity Violation Injected,False,11.228071991354227,RoomCapacity
100,Room Collision Injected,False,2.2742439759895205,RoomDoubleBooking
100,Clean / Uncorrupted,False,23.715838993666694,Spurious
100,Capacity Violation Injected,False,5.560127989156172,RoomCapacity
100,Room Collision Injected,False,24.095595988910645,RoomDoubleBooking
100,Clean / Uncorrupted,False,23.55545700993389,Spurious
100,Capacity Violation Injected,False,18.438978993799537,RoomCapacity
100,Room Collision Injected,False,23.991292982827872,RoomDoubleBooking
100,Clean / Uncorrupted,False,23.331042000791058,Spurious
100,Capacity Violation Injected,False,2.100815996527672,RoomCapacity
100,Room Collision Injected,False,1.9039739854633808,RoomDoubleBooking
100,Clean / Uncorrupted,False,25.61559999594465,Spurious
100,Capacity Violation Injected,False,21.181269985390827,RoomCapacity
100,Room Collision Injected,False,23.51519899093546,RoomDoubleBooking
100,Clean / Uncorrupted,False,23.27626501210034,Spurious
100,Capacity Violation Injected,False,4.022915003588423,RoomCapacity
100,Room Collision Injected,False,23.097282013623044,RoomDoubleBooking
100,Clean / Uncorrupted,False,24.2244350083638,Spurious
100,Capacity Violation Injected,False,24.667191988555714,RoomCapacity
100,Room Collision Injected,False,24.6940859942697,RoomDoubleBooking
100,Clean / Uncorrupted,False,24.748914991505444,Spurious
100,Capacity Violation Injected,False,11.895053001353517,RoomCapacity
100,Room Collision Injected,False,23.115654999855906,RoomDoubleBooking
100,Clean / Uncorrupted,False,23.29561099759303,Spurious
100,Capacity Violation Injected,False,21.152582979993895,RoomCapacity
100,Room Collision Injected,False,2.1165749931242317,RoomDoubleBooking
100,Clean / Uncorrupted,False,23.22214699233882,Spurious
100,Capacity Violation Injected,False,6.177949981065467,RoomCapacity
100,Room Collision Injected,False,23.693238996202126,RoomDoubleBooking
100,Clean / Uncorrupted,False,23.8616370188538,Spurious
100,Capacity Violation Injected,False,16.596462985035032,RoomCapacity
100,Room Collision Injected,False,23.43301597284153,RoomDoubleBooking
100,Clean / Uncorrupted,False,23.882579000201076,Spurious
100,Capacity Violation Injected,False,2.5592090096324682,RoomCapacity
100,Room Collision Injected,False,23.457908013369888,RoomDoubleBooking
100,Clean / Uncorrupted,False,23.504440003307536,Spurious
100,Capacity Violation Injected,False,19.96430999133736,RoomCapacity
100,Room Collision Injected,False,23.29592700698413,RoomDoubleBooking
100,Clean / Uncorrupted,False,23.330352996708825,Spurious
100,Capacity Violation Injected,False,5.31700300052762,RoomCapacity
100,Room Collision Injected,False,1.9789279904216528,RoomDoubleBooking
100,Clean / Uncorrupted,False,22.98032699036412,Spurious
100,Capacity Violation Injected,False,18.464824999682605,RoomCapacity
100,Room Collision Injected,False,23.302710003918037,RoomDoubleBooking
100,Clean / Uncorrupted,False,23.23837799485773,Spurious
100,Capacity Violation Injected,False,7.0864930166862905,RoomCapacity
100,Room Collision Injected,False,1.9947849796153605,RoomDoubleBooking
100,Clean / Uncorrupted,False,23.40265898965299,Spurious
100,Capacity Violation Injected,False,22.325042984448373,RoomCapacity
100,Room Collision Injected,False,23.379999998724088,RoomDoubleBooking
100,Clean / Uncorrupted,False,30.105655983788893,Spurious
100,Capacity Violation Injected,False,17.21139601431787,RoomCapacity
100,Room Collision Injected,False,23.237387009430677,RoomDoubleBooking
100,Clean / Uncorrupted,False,23.332676995778456,Spurious
100,Capacity Violation Injected,False,18.6546049953904,RoomCapacity
100,Room Collision Injected,False,23.803424002835527,RoomDoubleBooking
100,Clean / Uncorrupted,False,25.455092982156202,Spurious
100,Capacity Violation Injected,False,11.82951798546128,RoomCapacity
100,Room Collision Injected,False,23.28570999088697,RoomDoubleBooking
100,Clean / Uncorrupted,False,24.75032099755481,Spurious
100,Capacity Violation Injected,False,4.2899879917968065,RoomCapacity
100,Room Collision Injected,False,23.567522002849728,RoomDoubleBooking
100,Clean / Uncorrupted,False,27.02813400537707,Spurious
100,Capacity Violation Injected,False,20.988679985748604,RoomCapacity
100,Room Collision Injected,False,23.851083009503782,RoomDoubleBooking
100,Clean / Uncorrupted,False,23.611624026671052,Spurious
100,Capacity Violation Injected,False,17.947491025552154,RoomCapacity
100,Room Collision Injected,False,2.069137990474701,RoomDoubleBooking
100,Clean / Uncorrupted,False,25.12889599893242,Spurious
100,Capacity Violation Injected,False,21.915847988566384,RoomCapacity
100,Room Collision Injected,False,23.304286994971335,RoomDoubleBooking
100,Clean / Uncorrupted,False,24.200523999752477,Spurious
100,Capacity Violation Injected,False,8.039597974857315,RoomCapacity
100,Room Collision Injected,False,23.450651991879568,RoomDoubleBooking
100,Clean / Uncorrupted,False,23.244379000971094,Spurious
100,Capacity Violation Injected,False,23.93761000712402,RoomCapacity
100,Room Collision Injected,False,23.89594801934436,RoomDoubleBooking
100,Clean / Uncorrupted,False,25.339704006910324,Spurious
100,Capacity Violation Injected,False,6.789295992348343,RoomCapacity
100,Room Collision Injected,False,23.1384530197829,RoomDoubleBooking
100,Clean / Uncorrupted,False,24.015949020395055,Spurious
100,Capacity Violation Injected,False,15.432771993800998,RoomCapacity
100,Room Collision Injected,False,23.818960005883127,RoomDoubleBooking
100,Clean / Uncorrupted,False,24.388405989157036,Spurious
100,Capacity Violation Injected,False,13.69202698697336,RoomCapacity
100,Room Collision Injected,False,2.171235013520345,RoomDoubleBooking
100,Clean / Uncorrupted,False,23.239083006046712,Spurious
100,Capacity Violation Injected,False,17.30965299066156,RoomCapacity
100,Room Collision Injected,False,23.74697200139053,RoomDoubleBooking
100,Clean / Uncorrupted,False,24.702083988813683,Spurious
100,Capacity Violation Injected,False,4.3145460076630116,RoomCapacity
100,Room Collision Injected,False,23.6390859936364,RoomDoubleBooking
100,Clean / Uncorrupted,False,23.307622992433608,Spurious
100,Capacity Violation Injected,False,10.082374996272847,RoomCapacity
100,Room Collision Injected,False,2.032271004281938,RoomDoubleBooking
100,Clean / Uncorrupted,False,23.013363010250032,Spurious
100,Capacity Violation Injected,False,9.480006992816925,RoomCapacity
100,Room Collision Injected,False,2.0655409898608923,RoomDoubleBooking
100,Clean / Uncorrupted,False,23.26451300177723,Spurious
100,Capacity Violation Injected,False,11.435366002842784,RoomCapacity
100,Room Collision Injected,False,23.377010016702116,RoomDoubleBooking
200,Clean / Uncorrupted,False,44.17734901653603,Spurious
200,Capacity Violation Injected,False,6.30026200087741,RoomCapacity
200,Room Collision Injected,False,59.166282997466624,RoomDoubleBooking
200,Clean / Uncorrupted,False,53.65425601485185,Spurious
200,Capacity Violation Injected,False,42.51148700132035,RoomCapacity
200,Room Collision Injected,False,83.05950197973289,RoomDoubleBooking
200,Clean / Uncorrupted,False,62.56524700438604,Spurious
200,Capacity Violation Injected,False,21.856307983398438,RoomCapacity
200,Room Collision Injected,False,59.9425150139723,RoomDoubleBooking
200,Clean / Uncorrupted,False,48.527045000810176,Spurious
200,Capacity Violation Injected,False,8.839606016408652,RoomCapacity
200,Room Collision Injected,False,2.148381987353787,RoomDoubleBooking
200,Clean / Uncorrupted,False,47.90865702670999,Spurious
200,Capacity Violation Injected,False,13.754036976024508,RoomCapacity
200,Room Collision Injected,False,46.034617989789695,RoomDoubleBooking
200,Clean / Uncorrupted,False,45.01752197393216,Spurious
200,Capacity Violation Injected,False,47.26673799450509,RoomCapacity
200,Room Collision Injected,False,2.399098011665046,RoomDoubleBooking
200,Clean / Uncorrupted,False,46.1097749939654,Spurious
200,Capacity Violation Injected,False,9.57083300454542,RoomCapacity
200,Room Collision Injected,False,48.13250000006519,RoomDoubleBooking
200,Clean / Uncorrupted,False,44.40773697569966,Spurious
200,Capacity Violation Injected,False,34.70538998953998,RoomCapacity
200,Room Collision Injected,False,46.067211020272225,RoomDoubleBooking
200,Clean / Uncorrupted,False,44.84452598262578,Spurious
200,Capacity Violation Injected,False,15.042459999676794,RoomCapacity
200,Room Collision Injected,False,2.1058740094304085,RoomDoubleBooking
200,Clean / Uncorrupted,False,45.99506102385931,Spurious
200,Capacity Violation Injected,False,20.618599985027686,RoomCapacity
200,Room Collision Injected,False,58.66809200961143,RoomDoubleBooking
200,Clean / Uncorrupted,False,45.73184400214814,Spurious
200,Capacity Violation Injected,False,7.704691990511492,RoomCapacity
200,Room Collision Injected,False,45.523409004090354,RoomDoubleBooking
200,Clean / Uncorrupted,False,44.93339601322077,Spurious
200,Capacity Violation Injected,False,12.961068016011268,RoomCapacity
200,Room Collision Injected,False,46.65814799955115,RoomDoubleBooking
200,Clean / Uncorrupted,False,44.63585399207659,Spurious
200,Capacity Violation Injected,False,2.181813004426658,RoomCapacity
200,Room Collision Injected,False,45.01147702103481,RoomDoubleBooking
200,Clean / Uncorrupted,False,44.57761099911295,Spurious
200,Capacity Violation Injected,False,12.953103985637426,RoomCapacity
200,Room Collision Injected,False,2.081717975670472,RoomDoubleBooking
200,Clean / Uncorrupted,False,44.179929012898356,Spurious
200,Capacity Violation Injected,False,22.66728799440898,RoomCapacity
200,Room Collision Injected,False,44.697524019284174,RoomDoubleBooking
200,Clean / Uncorrupted,False,45.15628900844604,Spurious
200,Capacity Violation Injected,False,40.22146901115775,RoomCapacity
200,Room Collision Injected,False,45.78834501444362,RoomDoubleBooking
200,Clean / Uncorrupted,False,44.62265799520537,Spurious
200,Capacity Violation Injected,False,32.32132000266574,RoomCapacity
200,Room Collision Injected,False,45.77323098783381,RoomDoubleBooking
200,Clean / Uncorrupted,False,45.99326601601206,Spurious
200,Capacity Violation Injected,False,43.96164300851524,RoomCapacity
200,Room Collision Injected,False,46.79656799999066,RoomDoubleBooking
200,Clean / Uncorrupted,False,44.78573999949731,Spurious
200,Capacity Violation Injected,False,55.256327003007755,RoomCapacity
200,Room Collision Injected,False,71.18821699987166,RoomDoubleBooking
200,Clean / Uncorrupted,False,46.67707299813628,Spurious
200,Capacity Violation Injected,False,16.176862991414964,RoomCapacity
200,Room Collision Injected,False,45.660014991881326,RoomDoubleBooking
200,Clean / Uncorrupted,False,46.23328099842183,Spurious
200,Capacity Violation Injected,False,44.57846799050458,RoomCapacity
200,Room Collision Injected,False,44.46878700400703,RoomDoubleBooking
200,Clean / Uncorrupted,False,44.54346600687131,Spurious
200,Capacity Violation Injected,False,27.64461300102994,RoomCapacity
200,Room Collision Injected,False,47.032208007294685,RoomDoubleBooking
200,Clean / Uncorrupted,False,44.904435984790325,Spurious
200,Capacity Violation Injected,False,2.9564029828179628,RoomCapacity
200,Room Collision Injected,False,44.821982010034844,RoomDoubleBooking
200,Clean / Uncorrupted,False,46.66448800708167,Spurious
200,Capacity Violation Injected,False,39.38987199217081,RoomCapacity
200,Room Collision Injected,False,2.1914460230618715,RoomDoubleBooking
200,Clean / Uncorrupted,False,44.23565699835308,Spurious
200,Capacity Violation Injected,False,44.89001998445019,RoomCapacity
200,Room Collision Injected,False,44.84526297892444,RoomDoubleBooking
200,Clean / Uncorrupted,False,44.39326698775403,Spurious
200,Capacity Violation Injected,False,10.640276974299923,RoomCapacity
200,Room Collision Injected,False,44.77780597517267,RoomDoubleBooking
200,Clean / Uncorrupted,False,44.83121100929566,Spurious
200,Capacity Violation Injected,False,20.683201000792906,RoomCapacity
200,Room Collision Injected,False,45.049585023662075,RoomDoubleBooking
200,Clean / Uncorrupted,False,45.439039007760584,Spurious
200,Capacity Violation Injected,False,14.559875999111682,RoomCapacity
200,Room Collision Injected,False,2.17702699592337,RoomDoubleBooking
200,Clean / Uncorrupted,False,57.827856013318524,Spurious
200,Capacity Violation Injected,False,22.636781010078266,RoomCapacity
200,Room Collision Injected,False,45.33307201927528,RoomDoubleBooking
200,Clean / Uncorrupted,False,44.65062002418563,Spurious
200,Capacity Violation Injected,False,18.58306201756932,RoomCapacity
200,Room Collision Injected,False,44.60637999000028,RoomDoubleBooking
200,Clean / Uncorrupted,False,46.524261008016765,Spurious
200,Capacity Violation Injected,False,34.57613298087381,RoomCapacity
200,Room Collision Injected,False,48.38015799759887,RoomDoubleBooking
200,Clean / Uncorrupted,False,45.517980004660785,Spurious
200,Capacity Violation Injected,False,12.454117997549474,RoomCapacity
200,Room Collision Injected,False,48.26632799813524,RoomDoubleBooking
200,Clean / Uncorrupted,False,47.055734001332894,Spurious
200,Capacity Violation Injected,False,10.851877013919875,RoomCapacity
200,Room Collision Injected,False,46.653758006868884,RoomDoubleBooking
200,Clean / Uncorrupted,False,46.12684599123895,Spurious
200,Capacity Violation Injected,False,44.632009987253696,RoomCapacity
200,Room Collision Injected,False,46.42369601060636,RoomDoubleBooking
200,Clean / Uncorrupted,False,44.41918700467795,Spurious
200,Capacity Violation Injected,False,8.321715984493494,RoomCapacity
200,Room Collision Injected,False,46.635770006105304,RoomDoubleBooking
200,Clean / Uncorrupted,False,45.00801500398666,Spurious
200,Capacity Violation Injected,False,4.791047977050766,RoomCapacity
200,Room Collision Injected,False,2.2384740004781634,RoomDoubleBooking
200,Clean / Uncorrupted,False,46.873817016603425,Spurious
200,Capacity Violation Injected,False,17.966496001463383,RoomCapacity
200,Room Collision Injected,False,44.55493399291299,RoomDoubleBooking
200,Clean / Uncorrupted,False,45.87432200787589,Spurious
200,Capacity Violation Injected,False,18.55144798173569,RoomCapacity
200,Room Collision Injected,False,67.21296900650486,RoomDoubleBooking
200,Clean / Uncorrupted,False,52.24818899296224,Spurious
200,Capacity Violation Injected,False,17.830721975769848,RoomCapacity
200,Room Collision Injected,False,49.79181700036861,RoomDoubleBooking
200,Clean / Uncorrupted,False,45.2210420044139,Spurious
200,Capacity Violation Injected,False,35.169708979083225,RoomCapacity
200,Room Collision Injected,False,44.97327300487086,RoomDoubleBooking
200,Clean / Uncorrupted,False,45.69215001538396,Spurious
200,Capacity Violation Injected,False,32.67777001019567,RoomCapacity
200,Room Collision Injected,False,45.86140299215913,RoomDoubleBooking
200,Clean / Uncorrupted,False,45.48618698026985,Spurious
200,Capacity Violation Injected,False,18.111083016265184,RoomCapacity
200,Room Collision Injected,False,46.81537501164712,RoomDoubleBooking
200,Clean / Uncorrupted,False,46.092325006611645,Spurious
200,Capacity Violation Injected,False,38.8947979954537,RoomCapacity
200,Room Collision Injected,False,45.71501599275507,RoomDoubleBooking
200,Clean / Uncorrupted,False,46.094688994344324,Spurious
200,Capacity Violation Injected,False,26.978043984854594,RoomCapacity
200,Room Collision Injected,False,2.141395991202444,RoomDoubleBooking
200,Clean / Uncorrupted,False,47.11026299628429,Spurious
200,Capacity Violation Injected,False,14.381062996108085,RoomCapacity
200,Room Collision Injected,False,47.02936401008628,RoomDoubleBooking
200,Clean / Uncorrupted,False,44.42600498441607,Spurious
200,Capacity Violation Injected,False,23.35102899814956,RoomCapacity
200,Room Collision Injected,False,46.41253300360404,RoomDoubleBooking
200,Clean / Uncorrupted,False,44.905943010235205,Spurious
200,Capacity Violation Injected,False,33.640087000094354,RoomCapacity
200,Room Collision Injected,False,44.89760097931139,RoomDoubleBooking
200,Clean / Uncorrupted,False,44.84693499398418,Spurious
200,Capacity Violation Injected,False,17.081575002521276,RoomCapacity
200,Room Collision Injected,False,47.4211560213007,RoomDoubleBooking
200,Clean / Uncorrupted,False,46.71336599858478,Spurious
200,Capacity Violation Injected,False,4.8999769787769765,RoomCapacity
200,Room Collision Injected,False,44.50669098878279,RoomDoubleBooking
200,Clean / Uncorrupted,False,44.63445200235583,Spurious
200,Capacity Violation Injected,False,24.076266010524705,RoomCapacity
200,Room Collision Injected,False,45.16055600834079,RoomDoubleBooking
400,Clean / Uncorrupted,False,88.22767401579767,Spurious
400,Capacity Violation Injected,False,86.91294898744673,RoomCapacity
400,Room Collision Injected,False,97.85721698426642,RoomDoubleBooking
400,Clean / Uncorrupted,False,87.30276397545822,Spurious
400,Capacity Violation Injected,False,40.69553202134557,RoomCapacity
400,Room Collision Injected,False,87.29326899629086,RoomDoubleBooking
400,Clean / Uncorrupted,False,88.47419297671877,Spurious
400,Capacity Violation Injected,False,90.21761300391518,RoomCapacity
400,Room Collision Injected,False,95.67190901725553,RoomDoubleBooking
400,Clean / Uncorrupted,False,89.90292801172473,Spurious
400,Capacity Violation Injected,False,83.87952001066878,RoomCapacity
400,Room Collision Injected,False,87.51885400852188,RoomDoubleBooking
400,Clean / Uncorrupted,False,88.9507920073811,Spurious
400,Capacity Violation Injected,False,62.850682996213436,RoomCapacity
400,Room Collision Injected,False,91.30767500028014,RoomDoubleBooking
400,Clean / Uncorrupted,False,90.43262599152513,Spurious
400,Capacity Violation Injected,False,39.108946977648884,RoomCapacity
400,Room Collision Injected,False,2.240917005110532,RoomDoubleBooking
400,Clean / Uncorrupted,False,86.79334999760613,Spurious
400,Capacity Violation Injected,False,84.66746599879116,RoomCapacity
400,Room Collision Injected,False,101.63162901881151,RoomDoubleBooking
400,Clean / Uncorrupted,False,90.1634719921276,Spurious
400,Capacity Violation Injected,False,23.683209001319483,RoomCapacity
400,Room Collision Injected,False,102.36562599311583,RoomDoubleBooking
400,Clean / Uncorrupted,False,91.96638999856077,Spurious
400,Capacity Violation Injected,False,73.62476500566117,RoomCapacity
400,Room Collision Injected,False,93.61725201597437,RoomDoubleBooking
400,Clean / Uncorrupted,False,90.50926700001583,Spurious
400,Capacity Violation Injected,False,60.61915200552903,RoomCapacity
400,Room Collision Injected,False,91.45772000192665,RoomDoubleBooking
400,Clean / Uncorrupted,False,87.68685901304707,Spurious
400,Capacity Violation Injected,False,15.308487985748798,RoomCapacity
400,Room Collision Injected,False,87.52779301721603,RoomDoubleBooking
400,Clean / Uncorrupted,False,102.3827140161302,Spurious
400,Capacity Violation Injected,False,23.19743699626997,RoomCapacity
400,Room Collision Injected,False,87.3358290118631,RoomDoubleBooking
400,Clean / Uncorrupted,False,87.83127900096588,Spurious
400,Capacity Violation Injected,False,17.517111002234742,RoomCapacity
400,Room Collision Injected,False,89.53442698111758,RoomDoubleBooking
400,Clean / Uncorrupted,False,87.95580302830786,Spurious
400,Capacity Violation Injected,False,59.23580902162939,RoomCapacity
400,Room Collision Injected,False,90.85517501807772,RoomDoubleBooking
400,Clean / Uncorrupted,False,140.0634239835199,Spurious
400,Capacity Violation Injected,False,74.67863001511432,RoomCapacity
400,Room Collision Injected,False,89.8444039921742,RoomDoubleBooking
400,Clean / Uncorrupted,False,89.79492197977379,Spurious
400,Capacity Violation Injected,False,42.93620801763609,RoomCapacity
400,Room Collision Injected,False,102.26014401996508,RoomDoubleBooking
400,Clean / Uncorrupted,False,87.27369998814538,Spurious
400,Capacity Violation Injected,False,76.16150699323043,RoomCapacity
400,Room Collision Injected,False,90.08300301502459,RoomDoubleBooking
400,Clean / Uncorrupted,False,88.0083930096589,Spurious
400,Capacity Violation Injected,False,9.03894001385197,RoomCapacity
400,Room Collision Injected,False,90.03020997624844,RoomDoubleBooking
400,Clean / Uncorrupted,False,88.36507401429117,Spurious
400,Capacity Violation Injected,False,76.31663800566457,RoomCapacity
400,Room Collision Injected,False,86.31733700167388,RoomDoubleBooking
400,Clean / Uncorrupted,False,89.19174200855196,Spurious
400,Capacity Violation Injected,False,70.09127998026088,RoomCapacity
400,Room Collision Injected,False,104.29964799550362,RoomDoubleBooking
400,Clean / Uncorrupted,False,87.89336201152764,Spurious
400,Capacity Violation Injected,False,42.302836023736745,RoomCapacity
400,Room Collision Injected,False,2.2228140151128173,RoomDoubleBooking
400,Clean / Uncorrupted,False,87.04391299397685,Spurious
400,Capacity Violation Injected,False,64.47519999346696,RoomCapacity
400,Room Collision Injected,False,2.291896002134308,RoomDoubleBooking
400,Clean / Uncorrupted,False,88.50999397691339,Spurious
400,Capacity Violation Injected,False,83.55516300071031,RoomCapacity
400,Room Collision Injected,False,88.94258900545537,RoomDoubleBooking
400,Clean / Uncorrupted,False,90.0143179751467,Spurious
400,Capacity Violation Injected,False,7.205892005003989,RoomCapacity
400,Room Collision Injected,False,87.23163598915562,RoomDoubleBooking
400,Clean / Uncorrupted,False,87.95790700241923,Spurious
400,Capacity Violation Injected,False,72.261202003574,RoomCapacity
400,Room Collision Injected,False,89.55463400343433,RoomDoubleBooking
400,Clean / Uncorrupted,False,105.95371801173314,Spurious
400,Capacity Violation Injected,False,56.18642197805457,RoomCapacity
400,Room Collision Injected,False,94.17872098856606,RoomDoubleBooking
400,Clean / Uncorrupted,False,88.2812789932359,Spurious
400,Capacity Violation Injected,False,30.984293000074103,RoomCapacity
400,Room Collision Injected,False,88.27815498807468,RoomDoubleBooking
400,Clean / Uncorrupted,False,88.67790197837166,Spurious
400,Capacity Violation Injected,False,41.63378098746762,RoomCapacity
400,Room Collision Injected,False,2.269175020046532,RoomDoubleBooking
400,Clean / Uncorrupted,False,88.94114501890726,Spurious
400,Capacity Violation Injected,False,18.587086000479758,RoomCapacity
400,Room Collision Injected,False,87.98223899793811,RoomDoubleBooking
400,Clean / Uncorrupted,False,104.03909799060784,Spurious
400,Capacity Violation Injected,False,26.490677992114797,RoomCapacity
400,Room Collision Injected,False,2.2763609886169434,RoomDoubleBooking
400,Clean / Uncorrupted,False,89.19182501267642,Spurious
400,Capacity Violation Injected,False,80.14775000629015,RoomCapacity
400,Room Collision Injected,False,95.05306300707161,RoomDoubleBooking
400,Clean / Uncorrupted,False,93.63276200019754,Spurious
400,Capacity Violation Injected,False,51.54192500049248,RoomCapacity
400,Room Collision Injected,False,2.374109986703843,RoomDoubleBooking
400,Clean / Uncorrupted,False,92.46344500570558,Spurious
400,Capacity Violation Injected,False,80.73686799616553,RoomCapacity
400,Room Collision Injected,False,91.79094000137411,RoomDoubleBooking
400,Clean / Uncorrupted,False,96.95744901546277,Spurious
400,Capacity Violation Injected,False,53.8261930050794,RoomCapacity
400,Room Collision Injected,False,89.49161000782624,RoomDoubleBooking
400,Clean / Uncorrupted,False,91.53609001077712,Spurious
400,Capacity Violation Injected,False,21.102709986735135,RoomCapacity
400,Room Collision Injected,False,106.4572689938359,RoomDoubleBooking
400,Clean / Uncorrupted,False,89.54347000690177,Spurious
400,Capacity Violation Injected,False,21.77562500583008,RoomCapacity
400,Room Collision Injected,False,88.38060600101016,RoomDoubleBooking
400,Clean / Uncorrupted,False,87.43606097414158,Spurious
400,Capacity Violation Injected,False,73.50407299236394,RoomCapacity
400,Room Collision Injected,False,87.73778899922036,RoomDoubleBooking
400,Clean / Uncorrupted,False,89.09148501697928,Spurious
400,Capacity Violation Injected,False,21.055861987406388,RoomCapacity
400,Room Collision Injected,False,90.0344830006361,RoomDoubleBooking
400,Clean / Uncorrupted,False,90.18192699295469,Spurious
400,Capacity Violation Injected,False,58.7922960112337,RoomCapacity
400,Room Collision Injected,False,90.38843400776386,RoomDoubleBooking
400,Clean / Uncorrupted,False,90.52592297666706,Spurious
400,Capacity Violation Injected,False,52.73516901070252,RoomCapacity
400,Room Collision Injected,False,91.80476100300439,RoomDoubleBooking
400,Clean / Uncorrupted,False,90.20426901406609,Spurious
400,Capacity Violation Injected,False,33.71709899511188,RoomCapacity
400,Room Collision Injected,False,92.74601898505352,RoomDoubleBooking
400,Clean / Uncorrupted,False,89.5394719846081,Spurious
400,Capacity Violation Injected,False,76.81715302169323,RoomCapacity
400,Room Collision Injected,False,88.32594798877835,RoomDoubleBooking
400,Clean / Uncorrupted,False,88.45596699393354,Spurious
400,Capacity Violation Injected,False,43.76747598871589,RoomCapacity
400,Room Collision Injected,False,90.96802998101339,RoomDoubleBooking
400,Clean / Uncorrupted,False,144.08454101067036,Spurious
400,Capacity Violation Injected,False,15.05424699280411,RoomCapacity
400,Room Collision Injected,False,125.33538200659677,RoomDoubleBooking
400,Clean / Uncorrupted,False,91.6006260085851,Spurious
400,Capacity Violation Injected,False,63.91860099392943,RoomCapacity
400,Room Collision Injected,False,96.55027999542654,RoomDoubleBooking
400,Clean / Uncorrupted,False,87.31712499866262,Spurious
400,Capacity Violation Injected,False,45.33100701519288,RoomCapacity
400,Room Collision Injected,False,88.78044399898499,RoomDoubleBooking
400,Clean / Uncorrupted,False,88.05972500704229,Spurious
400,Capacity Violation Injected,False,34.513756982050836,RoomCapacity
400,Room Collision Injected,False,88.44029999454506,RoomDoubleBooking
400,Clean / Uncorrupted,False,89.26791700650938,Spurious
400,Capacity Violation Injected,False,143.21991000906564,RoomCapacity
400,Room Collision Injected,False,155.0043940078467,RoomDoubleBooking
400,Clean / Uncorrupted,False,93.32317899679765,Spurious
400,Capacity Violation Injected,False,86.58914899569936,RoomCapacity
400,Room Collision Injected,False,92.59910200489685,RoomDoubleBooking
400,Clean / Uncorrupted,False,93.46826397813857,Spurious
400,Capacity Violation Injected,False,95.72663501603529,RoomCapacity
400,Room Collision Injected,False,123.51324001792818,RoomDoubleBooking
